acct_0000,1,2025-11-13 00:00:00,0.723
acct_0001,0,2024-01-25 00:00:00,0.051
acct_0002,0,2025-06-12 00:00:00,0.0
acct_0003,0,2026-01-07 00:00:00,0.137
acct_0004,0,2024-02-08 00:00:00,0.073
acct_0005,0,2023-05-24 00:00:00,0.19
acct_0006,0,2024-11-07 00:00:00,0.125
acct_0007,0,2023-09-13 00:00:00,0.144
acct_0008,0,2024-09-07 00:00:00,0.101
acct_0009,0,2025-04-16 00:00:00,0.065
acct_0010,0,2024-08-28 00:00:00,0.111
acct_0011,0,2024-01-28 00:00:00,0.084
acct_0012,0,2025-02-15 00:00:00,0.135
acct_0013,0,2023-12-23 00:00:00,0.123
acct_0014,0,2024-09-08 00:00:00,0.081
acct_0015,0,2023-01-01 00:00:00,0.061
acct_0016,0,2024-03-06 00:00:00,0.086
acct_0017,1,2024-10-21 00:00:00,0.793
acct_0018,0,2025-06-24 00:00:00,0.135
acct_0019,1,2025-11-12 00:00:00,0.795
acct_0020,0,2023-12-14 00:00:00,0.132
acct_0021,0,2024-08-04 00:00:00,0.103
acct_0022,0,2024-11-17 00:00:00,0.019
acct_0023,0,2024-04-26 00:00:00,0.135
acct_0024,0,2024-04-05 00:00:00,0.161
acct_0025,0,2023-10-29 00:00:00,0.005
acct_0026,0,2024-05-16 00:00:00,0.197
acct_0027,0,2023-05-30 00:00:00,0.091
acct_0028,0,2024-02-03 00:00:00,0.144
acct_0029,0,2025-02-25 00:00:00,0.099
acct_0030,0,2024-05-14 00:00:00,0.03
acct_0031,0,2023-01-12 00:00:00,0.179
acct_0032,0,2023-08-07 00:00:00,0.156
acct_0033,0,2024-03-24 00:00:00,0.035
acct_0034,0,2025-11-26 00:00:00,0.093
acct_0035,0,2026-02-15 00:00:00,0.05
acct_0036,0,2023-09-06 00:00:00,0.091
acct_0037,0,2025-08-09 00:00:00,0.134
acct_0038,0,2026-02-18 00:00:00,0.119
acct_0039,0,2025-06-25 00:00:00,0.123
acct_0040,0,2025-10-30 00:00:00,0.085
acct_0041,0,2026-01-27 00:00:00,0.089
acct_0042,0,2023-11-22 00:00:00,0.149
acct_0043,0,2025-08-30 00:00:00,0.09
acct_0044,0,2024-05-21 00:00:00,0.168
acct_0045,0,2024-07-21 00:00:00,0.153
acct_0046,0,2025-12-03 00:00:00,0.097
acct_0047,0,2024-05-04 00:00:00,0.055
acct_0048,0,2023-06-08 00:00:00,0.143
acct_0049,0,2024-04-25 00:00:00,0.054
acct_0050,0,2024-10-16 00:00:00,0.179
acct_0051,0,2023-06-15 00:00:00,0.028
acct_0052,0,2024-04-18 00:00:00,0.077
acct_0053,0,2023-11-09 00:00:00,0.141
acct_0054,0,2023-05-12 00:00:00,0.083
acct_0055,0,2024-11-08 00:00:00,0.109
acct_0056,0,2025-05-01 00:00:00,0.012
acct_0057,0,2025-05-10 00:00:00,0.078
acct_0058,0,2023-02-10 00:00:00,0.171
acct_0059,0,2025-02-18 00:00:00,0.095
acct_0060,0,2024-12-21 00:00:00,0.06
acct_0061,0,2025-03-09 00:00:00,0.171
acct_0062,0,2025-05-08 00:00:00,0.108
acct_0063,0,2026-01-23 00:00:00,0.16
acct_0064,0,2024-03-27 00:00:00,0.098
acct_0065,0,2024-07-12 00:00:00,0.087
acct_0066,0,2023-03-01 00:00:00,0.078
acct_0067,0,2025-04-08 00:00:00,0.145
acct_0068,0,2025-08-15 00:00:00,0.184
acct_0069,0,2025-12-29 00:00:00,0.005
acct_0070,0,2025-03-17 00:00:00,0.118
acct_0071,0,2023-02-25 00:00:00,0.017
acct_0072,0,2025-05-27 00:00:00,0.027
acct_0073,0,2025-08-03 00:00:00,0.036
acct_0074,0,2024-06-16 00:00:00,0.076
acct_0075,0,2024-03-09 00:00:00,0.091
acct_0076,0,2024-11-22 00:00:00,0.152
acct_0077,0,2025-02-15 00:00:00,0.056
acct_0078,0,2025-05-13 00:00:00,0.05
acct_0079,0,2023-06-17 00:00:00,0.094
acct_0080,0,2026-01-09 00:00:00,0.01
acct_0081,0,2024-12-17 00:00:00,0.045
acct_0082,0,2023-05-21 00:00:00,0.156
acct_0083,0,2023-03-24 00:00:00,0.151
acct_0084,0,2024-05-21 00:00:00,0.04
acct_0085,0,2023-02-11 00:00:00,0.124
acct_0086,0,2024-05-03 00:00:00,0.025
acct_0087,0,2023-08-23 00:00:00,0.113
acct_0088,0,2024-03-22 00:00:00,0.093
acct_0089,0,2024-06-08 00:00:00,0.153
acct_0090,0,2023-12-10 00:00:00,0.121
acct_0091,0,2023-08-23 00:00:00,0.156
acct_0092,0,2023-12-02 00:00:00,0.193
acct_0093,0,2023-08-10 00:00:00,0.116
acct_0094,0,2024-09-30 00:00:00,0.115
acct_0095,0,2025-02-07 00:00:00,0.079
acct_0096,0,2024-02-11 00:00:00,0.015
acct_0097,0,2024-05-12 00:00:00,0.02
acct_0098,0,2024-09-09 00:00:00,0.17
acct_0099,0,2023-09-05 00:00:00,0.159
acct_0100,0,2023-03-26 00:00:00,0.069
acct_0101,0,2025-05-27 00:00:00,0.132
acct_0102,0,2023-05-22 00:00:00,0.101
acct_0103,0,2024-11-29 00:00:00,0.003
acct_0104,0,2025-05-10 00:00:00,0.164
acct_0105,0,2023-08-05 00:00:00,0.087
acct_0106,0,2025-01-11 00:00:00,0.127
acct_0107,0,2025-07-30 00:00:00,0.141
acct_0108,0,2025-06-10 00:00:00,0.035
acct_0109,0,2025-12-04 00:00:00,0.193
acct_0110,0,2024-07-07 00:00:00,0.123
acct_0111,0,2026-01-07 00:00:00,0.155
acct_0112,0,2025-08-10 00:00:00,0.087
acct_0113,0,2024-07-03 00:00:00,0.064
acct_0114,0,2024-05-17 00:00:00,0.166
acct_0115,0,2023-06-27 00:00:00,0.056
acct_0116,0,2025-07-12 00:00:00,0.049
acct_0117,0,2025-08-09 00:00:00,0.114
acct_0118,0,2025-02-15 00:00:00,0.067
acct_0119,0,2025-10-09 00:00:00,0.17
acct_0120,0,2024-01-08 00:00:00,0.098
acct_0121,0,2024-12-27 00:00:00,0.16
acct_0122,0,2024-11-28 00:00:00,0.056
acct_0123,0,2024-07-19 00:00:00,0.111
acct_0124,0,2025-11-24 00:00:00,0.19
acct_0125,0,2023-06-25 00:00:00,0.048
acct_0126,0,2025-04-12 00:00:00,0.098
acct_0127,0,2024-05-07 00:00:00,0.138
acct_0128,0,2025-10-02 00:00:00,0.09
acct_0129,0,2023-02-05 00:00:00,0.019
acct_0130,0,2024-03-29 00:00:00,0.081
acct_0131,0,2024-05-13 00:00:00,0.061
acct_0132,0,2025-01-25 00:00:00,0.095
acct_0133,0,2025-12-23 00:00:00,0.069
acct_0134,0,2026-02-01 00:00:00,0.066
acct_0135,0,2025-07-18 00:00:00,0.054
acct_0136,0,2024-05-29 00:00:00,0.046
acct_0137,0,2024-01-30 00:00:00,0.063
acct_0138,0,2026-01-02 00:00:00,0.19
acct_0139,0,2024-01-15 00:00:00,0.038
acct_0140,0,2025-09-18 00:00:00,0.055
acct_0141,0,2025-12-10 00:00:00,0.119
acct_0142,0,2023-07-25 00:00:00,0.167
acct_0143,0,2024-08-29 00:00:00,0.045
acct_0144,0,2024-01-03 00:00:00,0.06
acct_0145,0,2025-12-29 00:00:00,0.025
acct_0146,0,2023-04-04 00:00:00,0.195
acct_0147,0,2026-02-07 00:00:00,0.058
acct_0148,0,2023-09-16 00:00:00,0.128
acct_0149,0,2025-10-02 00:00:00,0.021
acct_0150,0,2023-01-26 00:00:00,0.115
acct_0151,0,2025-08-19 00:00:00,0.096
acct_0152,0,2024-11-28 00:00:00,0.037
acct_0153,0,2023-04-16 00:00:00,0.05
acct_0154,0,2025-09-05 00:00:00,0.023
acct_0155,0,2023-05-14 00:00:00,0.08
acct_0156,0,2023-06-01 00:00:00,0.115
acct_0157,0,2023-04-20 00:00:00,0.03
acct_0158,0,2026-02-26 00:00:00,0.19
acct_0159,0,2023-06-24 00:00:00,0.199
acct_0160,0,2023-08-31 00:00:00,0.112
acct_0161,0,2025-05-02 00:00:00,0.121
acct_0162,0,2024-04-07 00:00:00,0.155
acct_0163,0,2025-02-18 00:00:00,0.09
acct_0164,0,2025-06-25 00:00:00,0.059
acct_0165,0,2025-05-28 00:00:00,0.061
acct_0166,0,2023-05-04 00:00:00,0.122
acct_0167,0,2023-07-23 00:00:00,0.19
acct_0168,0,2024-03-01 00:00:00,0.125
acct_0169,0,2024-06-25 00:00:00,0.132
acct_0170,0,2023-11-18 00:00:00,0.048
acct_0171,0,2026-02-04 00:00:00,0.015
acct_0172,0,2023-01-06 00:00:00,0.082
acct_0173,0,2025-08-20 00:00:00,0.058
acct_0174,0,2024-04-19 00:00:00,0.058
acct_0175,0,2024-08-02 00:00:00,0.141
acct_0176,0,2025-07-18 00:00:00,0.014
acct_0177,0,2024-04-23 00:00:00,0.185
acct_0178,0,2024-02-10 00:00:00,0.085
acct_0179,0,2026-01-20 00:00:00,0.045
acct_0180,0,2023-11-02 00:00:00,0.182
acct_0181,0,2023-10-19 00:00:00,0.014
acct_0182,0,2023-12-06 00:00:00,0.159
acct_0183,0,2024-08-14 00:00:00,0.088
acct_0184,0,2025-08-17 00:00:00,0.138
acct_0185,0,2025-04-04 00:00:00,0.189
acct_0186,0,2025-10-21 00:00:00,0.108
acct_0187,0,2025-06-15 00:00:00,0.016
acct_0188,0,2023-03-23 00:00:00,0.178
acct_0189,0,2024-10-22 00:00:00,0.121
acct_0190,0,2023-02-22 00:00:00,0.018
acct_0191,0,2023-02-12 00:00:00,0.2
acct_0192,0,2024-07-05 00:00:00,0.115
acct_0193,0,2023-12-25 00:00:00,0.094
acct_0194,0,2025-06-24 00:00:00,0.183
acct_0195,0,2024-01-07 00:00:00,0.199
acct_0196,0,2025-06-11 00:00:00,0.127
acct_0197,0,2025-10-04 00:00:00,0.194
acct_0198,0,2025-08-20 00:00:00,0.07
acct_0199,0,2024-11-13 00:00:00,0.064
acct_0200,0,2023-08-03 00:00:00,0.172
acct_0201,0,2024-11-06 00:00:00,0.082
acct_0202,0,2025-10-11 00:00:00,0.058
acct_0203,0,2025-03-31 00:00:00,0.163
acct_0204,0,2026-01-31 00:00:00,0.007
acct_0205,0,2023-06-30 00:00:00,0.063
acct_0206,0,2024-10-24 00:00:00,0.023
acct_0207,0,2025-04-07 00:00:00,0.173
acct_0208,0,2023-01-03 00:00:00,0.132
acct_0209,0,2026-01-16 00:00:00,0.092
acct_0210,0,2023-04-22 00:00:00,0.038
acct_0211,0,2025-01-10 00:00:00,0.125
acct_0212,0,2025-10-17 00:00:00,0.125
acct_0213,0,2023-04-16 00:00:00,0.041
acct_0214,0,2026-01-29 00:00:00,0.026
acct_0215,0,2024-08-12 00:00:00,0.088
acct_0216,0,2025-09-19 00:00:00,0.024
acct_0217,0,2024-05-05 00:00:00,0.142
acct_0218,0,2024-09-28 00:00:00,0.11
acct_0219,0,2026-02-05 00:00:00,0.082
acct_0220,0,2024-04-05 00:00:00,0.198
acct_0221,0,2023-08-21 00:00:00,0.092
acct_0222,0,2023-08-29 00:00:00,0.13
acct_0223,0,2023-11-12 00:00:00,0.1
acct_0224,0,2024-08-20 00:00:00,0.102
acct_0225,0,2024-07-13 00:00:00,0.083
acct_0226,0,2025-09-15 00:00:00,0.196
acct_0227,0,2024-05-14 00:00:00,0.091
acct_0228,0,2023-10-24 00:00:00,0.077
acct_0229,0,2025-11-06 00:00:00,0.149
acct_0230,0,2023-10-07 00:00:00,0.173
acct_0231,0,2024-07-19 00:00:00,0.155
acct_0232,0,2025-04-29 00:00:00,0.068
acct_0233,0,2025-11-05 00:00:00,0.053
acct_0234,0,2023-01-06 00:00:00,0.057
acct_0235,0,2024-09-03 00:00:00,0.167
acct_0236,0,2025-09-29 00:00:00,0.173
acct_0237,0,2025-07-03 00:00:00,0.108
acct_0238,0,2024-12-07 00:00:00,0.066
acct_0239,0,2026-01-17 00:00:00,0.075
acct_0240,0,2024-10-21 00:00:00,0.174
acct_0241,0,2024-05-04 00:00:00,0.114
acct_0242,0,2024-04-23 00:00:00,0.171
acct_0243,0,2025-04-21 00:00:00,0.009
acct_0244,0,2025-08-26 00:00:00,0.141
acct_0245,0,2025-02-19 00:00:00,0.077
acct_0246,0,2023-11-08 00:00:00,0.099
acct_0247,0,2023-03-17 00:00:00,0.025
acct_0248,0,2024-11-10 00:00:00,0.174
acct_0249,0,2025-06-20 00:00:00,0.02
acct_0250,0,2025-07-24 00:00:00,0.003
acct_0251,0,2023-10-23 00:00:00,0.082
acct_0252,0,2023-11-13 00:00:00,0.015
acct_0253,0,2024-06-26 00:00:00,0.068
acct_0254,0,2025-03-25 00:00:00,0.13
acct_0255,0,2024-11-03 00:00:00,0.17
acct_0256,0,2025-12-28 00:00:00,0.076
acct_0257,0,2024-10-10 00:00:00,0.125
acct_0258,0,2025-09-26 00:00:00,0.174
acct_0259,0,2023-03-15 00:00:00,0.123
acct_0260,0,2024-04-25 00:00:00,0.126
acct_0261,0,2024-08-11 00:00:00,0.199
acct_0262,0,2023-07-05 00:00:00,0.087
acct_0263,0,2023-07-21 00:00:00,0.152
acct_0264,0,2023-07-25 00:00:00,0.089
acct_0265,0,2024-09-05 00:00:00,0.181
acct_0266,0,2023-04-05 00:00:00,0.065
acct_0267,0,2023-04-25 00:00:00,0.059
acct_0268,0,2025-02-06 00:00:00,0.086
acct_0269,0,2024-05-15 00:00:00,0.106
acct_0270,0,2024-01-04 00:00:00,0.034
acct_0271,0,2023-06-11 00:00:00,0.122
acct_0272,0,2025-02-22 00:00:00,0.124
acct_0273,0,2024-05-08 00:00:00,0.1
acct_0274,0,2023-10-21 00:00:00,0.046
acct_0275,0,2024-06-04 00:00:00,0.092
acct_0276,0,2023-01-20 00:00:00,0.18
acct_0277,0,2025-08-10 00:00:00,0.18
acct_0278,0,2026-01-24 00:00:00,0.032
acct_0279,0,2025-06-23 00:00:00,0.189
acct_0280,0,2024-09-04 00:00:00,0.128
acct_0281,0,2025-05-18 00:00:00,0.138
acct_0282,0,2025-07-24 00:00:00,0.169
acct_0283,0,2024-02-12 00:00:00,0.2
acct_0284,0,2025-09-16 00:00:00,0.021
acct_0285,0,2025-02-20 00:00:00,0.114
acct_0286,0,2024-08-28 00:00:00,0.199
acct_0287,0,2024-08-27 00:00:00,0.004
acct_0288,0,2025-03-21 00:00:00,0.055
acct_0289,0,2023-04-11 00:00:00,0.182
acct_0290,0,2025-10-14 00:00:00,0.167
acct_0291,0,2024-08-09 00:00:00,0.155
acct_0292,0,2024-04-16 00:00:00,0.121
acct_0293,0,2024-12-22 00:00:00,0.044
acct_0294,0,2024-01-25 00:00:00,0.124
acct_0295,0,2023-10-08 00:00:00,0.126
acct_0296,0,2023-03-22 00:00:00,0.062
acct_0297,0,2025-06-21 00:00:00,0.007
acct_0298,0,2025-01-17 00:00:00,0.146
acct_0299,0,2023-07-04 00:00:00,0.182
acct_0300,0,2024-10-31 00:00:00,0.149
acct_0301,0,2023-12-26 00:00:00,0.04
acct_0302,0,2026-01-09 00:00:00,0.175
acct_0303,0,2025-01-19 00:00:00,0.106
acct_0304,0,2024-07-12 00:00:00,0.166
acct_0305,0,2024-06-10 00:00:00,0.183
acct_0306,0,2025-09-13 00:00:00,0.193
acct_0307,0,2024-08-27 00:00:00,0.149
acct_0308,0,2024-11-24 00:00:00,0.161
acct_0309,0,2025-08-17 00:00:00,0.193
acct_0310,0,2023-10-16 00:00:00,0.151
acct_0311,0,2024-04-07 00:00:00,0.172
acct_0312,0,2025-03-24 00:00:00,0.193
acct_0313,0,2026-02-15 00:00:00,0.073
acct_0314,0,2025-03-19 00:00:00,0.003
acct_0315,0,2026-01-03 00:00:00,0.025
acct_0316,0,2025-01-24 00:00:00,0.135
acct_0317,0,2024-06-20 00:00:00,0.117
acct_0318,0,2025-01-30 00:00:00,0.022
acct_0319,0,2024-04-23 00:00:00,0.094
acct_0320,0,2026-02-23 00:00:00,0.066
acct_0321,0,2024-03-29 00:00:00,0.13
acct_0322,0,2025-08-08 00:00:00,0.182
acct_0323,0,2024-09-10 00:00:00,0.13
acct_0324,0,2023-08-27 00:00:00,0.028
acct_0325,0,2023-03-18 00:00:00,0.061
acct_0326,0,2025-10-05 00:00:00,0.023
acct_0327,0,2024-04-25 00:00:00,0.177
acct_0328,0,2023-10-05 00:00:00,0.078
acct_0329,0,2025-01-29 00:00:00,0.134
acct_0330,0,2026-01-11 00:00:00,0.084
acct_0331,0,2023-11-13 00:00:00,0.177
acct_0332,0,2023-07-22 00:00:00,0.167
acct_0333,0,2025-04-15 00:00:00,0.188
acct_0334,0,2024-07-26 00:00:00,0.007
acct_0335,0,2025-01-28 00:00:00,0.043
acct_0336,0,2025-06-29 00:00:00,0.19
acct_0337,0,2025-01-12 00:00:00,0.02
acct_0338,0,2025-01-22 00:00:00,0.109
acct_0339,0,2025-01-04 00:00:00,0.012
acct_0340,0,2024-07-19 00:00:00,0.038
acct_0341,0,2023-09-08 00:00:00,0.19
acct_0342,0,2025-07-20 00:00:00,0.018
acct_0343,0,2024-03-10 00:00:00,0.128
acct_0344,0,2023-02-13 00:00:00,0.01
acct_0345,0,2024-11-14 00:00:00,0.049
acct_0346,0,2023-09-15 00:00:00,0.157
acct_0347,0,2024-02-25 00:00:00,0.014
acct_0348,0,2026-02-09 00:00:00,0.041
acct_0349,0,2024-03-18 00:00:00,0.163
acct_0350,0,2024-04-22 00:00:00,0.066
acct_0351,0,2023-10-30 00:00:00,0.158
acct_0352,0,2023-01-06 00:00:00,0.055
acct_0353,0,2023-10-24 00:00:00,0.198
acct_0354,0,2026-01-11 00:00:00,0.05
acct_0355,0,2023-12-24 00:00:00,0.022
acct_0356,0,2023-02-22 00:00:00,0.026
acct_0357,0,2025-01-03 00:00:00,0.158
acct_0358,0,2024-05-02 00:00:00,0.118
acct_0359,0,2023-02-02 00:00:00,0.035
acct_0360,0,2023-04-18 00:00:00,0.025
acct_0361,0,2025-05-12 00:00:00,0.105
acct_0362,0,2023-05-11 00:00:00,0.095
acct_0363,0,2025-01-11 00:00:00,0.103
acct_0364,0,2023-08-12 00:00:00,0.09
acct_0365,0,2024-03-29 00:00:00,0.189
acct_0366,0,2023-03-30 00:00:00,0.145
acct_0367,0,2025-12-03 00:00:00,0.06
acct_0368,0,2023-03-05 00:00:00,0.012
acct_0369,0,2025-09-07 00:00:00,0.169
acct_0370,0,2025-05-23 00:00:00,0.137
acct_0371,0,2025-10-01 00:00:00,0.142
acct_0372,0,2025-06-27 00:00:00,0.015
acct_0373,0,2023-06-15 00:00:00,0.064
acct_0374,0,2023-10-31 00:00:00,0.013
acct_0375,0,2024-07-17 00:00:00,0.125
acct_0376,0,2026-01-28 00:00:00,0.142
acct_0377,0,2025-02-19 00:00:00,0.199
acct_0378,0,2025-12-22 00:00:00,0.059
acct_0379,0,2025-11-01 00:00:00,0.121
acct_0380,0,2023-07-23 00:00:00,0.159
acct_0381,0,2023-08-23 00:00:00,0.171
acct_0382,0,2026-02-03 00:00:00,0.144
acct_0383,0,2024-03-16 00:00:00,0.086
acct_0384,0,2024-04-12 00:00:00,0.083
acct_0385,0,2025-07-17 00:00:00,0.08
acct_0386,0,2023-07-14 00:00:00,0.063
acct_0387,0,2024-10-02 00:00:00,0.133
acct_0388,0,2025-02-05 00:00:00,0.191
acct_0389,0,2025-08-29 00:00:00,0.013
acct_0390,0,2023-06-24 00:00:00,0.019
acct_0391,0,2023-07-17 00:00:00,0.149
acct_0392,0,2025-02-02 00:00:00,0.162
acct_0393,0,2026-02-13 00:00:00,0.012
acct_0394,0,2026-02-24 00:00:00,0.112
acct_0395,0,2023-09-08 00:00:00,0.082
acct_0396,0,2025-05-16 00:00:00,0.174
acct_0397,0,2023-04-16 00:00:00,0.194
acct_0398,0,2024-10-01 00:00:00,0.07
acct_0399,0,2025-11-05 00:00:00,0.043
acct_0400,0,2025-09-14 00:00:00,0.045
acct_0401,0,2023-08-10 00:00:00,0.07
acct_0402,0,2026-02-13 00:00:00,0.074
acct_0403,0,2024-07-24 00:00:00,0.115
acct_0404,0,2025-05-28 00:00:00,0.169
acct_0405,0,2026-02-14 00:00:00,0.005
acct_0406,0,2024-07-01 00:00:00,0.006
acct_0407,0,2024-07-13 00:00:00,0.141
acct_0408,0,2024-09-24 00:00:00,0.184
acct_0409,0,2024-12-19 00:00:00,0.001
acct_0410,0,2023-10-21 00:00:00,0.113
acct_0411,0,2025-03-31 00:00:00,0.014
acct_0412,0,2023-03-04 00:00:00,0.018
acct_0413,0,2025-12-22 00:00:00,0.043
acct_0414,0,2025-05-09 00:00:00,0.091
acct_0415,0,2023-11-19 00:00:00,0.074
acct_0416,0,2024-10-26 00:00:00,0.155
acct_0417,0,2023-06-23 00:00:00,0.177
acct_0418,0,2023-11-15 00:00:00,0.031
acct_0419,0,2023-04-12 00:00:00,0.135
acct_0420,0,2024-07-11 00:00:00,0.089
acct_0421,0,2025-05-18 00:00:00,0.097
acct_0422,0,2025-06-24 00:00:00,0.083
acct_0423,0,2024-03-17 00:00:00,0.151
acct_0424,0,2023-08-22 00:00:00,0.069
acct_0425,0,2023-08-16 00:00:00,0.057
acct_0426,0,2025-09-23 00:00:00,0.105
acct_0427,0,2024-09-23 00:00:00,0.009
acct_0428,0,2025-03-20 00:00:00,0.197
acct_0429,0,2023-04-23 00:00:00,0.002
acct_0430,0,2024-09-09 00:00:00,0.189
acct_0431,0,2023-10-09 00:00:00,0.153
acct_0432,0,2024-08-15 00:00:00,0.066
acct_0433,0,2023-01-16 00:00:00,0.099
acct_0434,0,2025-05-31 00:00:00,0.035
acct_0435,0,2025-02-17 00:00:00,0.107
acct_0436,0,2024-04-16 00:00:00,0.1
acct_0437,0,2024-12-26 00:00:00,0.014
acct_0438,0,2023-03-28 00:00:00,0.087
acct_0439,0,2025-07-30 00:00:00,0.184
acct_0440,0,2024-10-03 00:00:00,0.115
acct_0441,0,2025-04-08 00:00:00,0.142
acct_0442,0,2025-05-05 00:00:00,0.058
acct_0443,0,2025-04-09 00:00:00,0.004
acct_0444,0,2024-10-27 00:00:00,0.034
acct_0445,0,2025-07-31 00:00:00,0.166
acct_0446,0,2025-01-11 00:00:00,0.018
acct_0447,0,2023-08-05 00:00:00,0.049
acct_0448,0,2025-03-31 00:00:00,0.105
acct_0449,0,2025-03-21 00:00:00,0.174
acct_0450,0,2024-11-26 00:00:00,0.044
acct_0451,0,2023-12-11 00:00:00,0.015
acct_0452,0,2023-08-22 00:00:00,0.106
acct_0453,0,2024-02-02 00:00:00,0.181
acct_0454,0,2024-12-16 00:00:00,0.07
acct_0455,0,2023-10-30 00:00:00,0.047
acct_0456,0,2023-10-27 00:00:00,0.051
acct_0457,0,2023-12-22 00:00:00,0.12
acct_0458,0,2023-06-04 00:00:00,0.035
acct_0459,0,2025-10-08 00:00:00,0.093
acct_0460,0,2026-02-28 00:00:00,0.152
acct_0461,0,2025-07-08 00:00:00,0.136
acct_0462,0,2024-10-23 00:00:00,0.173
acct_0463,0,2024-10-09 00:00:00,0.03
acct_0464,0,2023-05-20 00:00:00,0.094
acct_0465,0,2024-09-12 00:00:00,0.159
acct_0466,0,2023-04-26 00:00:00,0.07
acct_0467,0,2023-06-01 00:00:00,0.062
acct_0468,0,2025-07-14 00:00:00,0.008
acct_0469,0,2025-01-25 00:00:00,0.166
acct_0470,0,2023-06-07 00:00:00,0.129
acct_0471,0,2023-07-04 00:00:00,0.123
acct_0472,0,2025-11-04 00:00:00,0.077
acct_0473,0,2026-02-09 00:00:00,0.191
acct_0474,0,2023-03-26 00:00:00,0.09
acct_0475,0,2024-01-21 00:00:00,0.064
acct_0476,0,2025-09-01 00:00:00,0.1
acct_0477,0,2023-05-07 00:00:00,0.09
acct_0478,0,2024-12-04 00:00:00,0.196
acct_0479,0,2023-06-22 00:00:00,0.101
acct_0480,0,2023-12-20 00:00:00,0.008
acct_0481,0,2025-06-15 00:00:00,0.198
acct_0482,0,2025-12-09 00:00:00,0.105
acct_0483,0,2023-11-22 00:00:00,0.073
acct_0484,0,2024-08-02 00:00:00,0.077
acct_0485,0,2024-11-23 00:00:00,0.136
acct_0486,0,2023-04-18 00:00:00,0.158
acct_0487,0,2024-11-16 00:00:00,0.013
acct_0488,0,2023-07-13 00:00:00,0.112
acct_0489,0,2025-03-02 00:00:00,0.057
acct_0490,0,2023-11-04 00:00:00,0.067
acct_0491,0,2023-10-17 00:00:00,0.183
acct_0492,0,2024-09-27 00:00:00,0.194
acct_0493,0,2025-03-13 00:00:00,0.026
acct_0494,0,2023-06-23 00:00:00,0.062
acct_0495,0,2025-02-10 00:00:00,0.129
acct_0496,0,2024-11-03 00:00:00,0.163
acct_0497,0,2025-12-14 00:00:00,0.019
acct_0498,0,2025-05-17 00:00:00,0.102
acct_0499,0,2023-02-07 00:00:00,0.073
acct_0500,0,2024-01-05 00:00:00,0.19
acct_0501,0,2024-11-30 00:00:00,0.19
acct_0502,0,2025-09-22 00:00:00,0.038
acct_0503,0,2023-10-09 00:00:00,0.031
acct_0504,0,2024-08-28 00:00:00,0.169
acct_0505,0,2023-07-27 00:00:00,0.102
acct_0506,0,2026-01-10 00:00:00,0.167
acct_0507,0,2025-12-14 00:00:00,0.008
acct_0508,0,2024-11-20 00:00:00,0.175
acct_0509,0,2023-09-26 00:00:00,0.119
acct_0510,0,2023-11-12 00:00:00,0.032
acct_0511,0,2023-12-06 00:00:00,0.144
acct_0512,0,2023-03-31 00:00:00,0.082
acct_0513,0,2024-05-01 00:00:00,0.194
acct_0514,0,2024-08-06 00:00:00,0.15
acct_0515,0,2025-07-08 00:00:00,0.047
acct_0516,0,2024-05-04 00:00:00,0.062
acct_0517,0,2025-08-18 00:00:00,0.181
acct_0518,0,2024-02-02 00:00:00,0.074
acct_0519,0,2025-06-21 00:00:00,0.092
acct_0520,0,2024-07-31 00:00:00,0.156
acct_0521,0,2025-10-26 00:00:00,0.105
acct_0522,0,2023-11-28 00:00:00,0.163
acct_0523,0,2023-10-11 00:00:00,0.175
acct_0524,0,2023-04-17 00:00:00,0.128
acct_0525,0,2025-01-30 00:00:00,0.111
acct_0526,0,2023-07-30 00:00:00,0.142
acct_0527,0,2025-11-22 00:00:00,0.17
acct_0528,0,2024-08-06 00:00:00,0.017
acct_0529,0,2023-11-25 00:00:00,0.055
acct_0530,0,2025-11-17 00:00:00,0.029
acct_0531,0,2025-06-14 00:00:00,0.018
acct_0532,0,2024-03-30 00:00:00,0.163
acct_0533,0,2024-12-16 00:00:00,0.186
acct_0534,0,2025-04-29 00:00:00,0.011
acct_0535,0,2025-10-25 00:00:00,0.075
acct_0536,0,2025-03-01 00:00:00,0.199
acct_0537,0,2025-02-06 00:00:00,0.045
acct_0538,0,2024-10-14 00:00:00,0.186
acct_0539,0,2024-11-17 00:00:00,0.158
acct_0540,0,2023-10-09 00:00:00,0.008
acct_0541,0,2025-08-25 00:00:00,0.139
acct_0542,0,2023-10-12 00:00:00,0.152
acct_0543,0,2025-08-18 00:00:00,0.09
acct_0544,0,2023-01-11 00:00:00,0.181
acct_0545,0,2023-02-08 00:00:00,0.051
acct_0546,0,2023-11-03 00:00:00,0.11
acct_0547,0,2025-12-16 00:00:00,0.085
acct_0548,0,2024-08-13 00:00:00,0.048
acct_0549,0,2023-09-07 00:00:00,0.01
acct_0550,0,2025-05-09 00:00:00,0.128
acct_0551,0,2025-07-25 00:00:00,0.013
acct_0552,0,2025-10-20 00:00:00,0.119
acct_0553,0,2023-02-03 00:00:00,0.126
acct_0554,0,2024-05-10 00:00:00,0.144
acct_0555,0,2024-08-19 00:00:00,0.086
acct_0556,0,2024-12-23 00:00:00,0.048
acct_0557,0,2025-05-03 00:00:00,0.037
acct_0558,0,2023-06-25 00:00:00,0.105
acct_0559,0,2025-01-08 00:00:00,0.014
acct_0560,0,2025-12-13 00:00:00,0.109
acct_0561,0,2025-11-05 00:00:00,0.111
acct_0562,0,2025-03-10 00:00:00,0.175
acct_0563,0,2023-03-31 00:00:00,0.127
acct_0564,0,2025-02-03 00:00:00,0.051
acct_0565,0,2023-02-03 00:00:00,0.071
acct_0566,0,2023-05-19 00:00:00,0.069
acct_0567,0,2023-08-01 00:00:00,0.154
acct_0568,0,2024-11-11 00:00:00,0.027
acct_0569,0,2024-12-22 00:00:00,0.109
acct_0570,0,2023-12-25 00:00:00,0.166
acct_0571,0,2025-08-09 00:00:00,0.196
acct_0572,0,2025-09-07 00:00:00,0.126
acct_0573,0,2023-10-04 00:00:00,0.013
acct_0574,0,2025-07-26 00:00:00,0.007
acct_0575,0,2024-02-17 00:00:00,0.009
acct_0576,0,2024-02-13 00:00:00,0.177
acct_0577,0,2024-10-08 00:00:00,0.187
acct_0578,0,2025-11-21 00:00:00,0.08
acct_0579,0,2026-01-17 00:00:00,0.095
acct_0580,0,2023-03-16 00:00:00,0.151
acct_0581,0,2024-01-27 00:00:00,0.057
acct_0582,0,2023-04-08 00:00:00,0.173
acct_0583,0,2024-11-10 00:00:00,0.055
acct_0584,0,2025-01-23 00:00:00,0.087
acct_0585,0,2025-03-30 00:00:00,0.149
acct_0586,0,2025-03-02 00:00:00,0.068
acct_0587,0,2024-01-18 00:00:00,0.099
acct_0588,0,2025-10-15 00:00:00,0.073
acct_0589,0,2025-11-29 00:00:00,0.053
acct_0590,0,2023-06-19 00:00:00,0.145
acct_0591,0,2023-06-11 00:00:00,0.086
acct_0592,0,2024-01-05 00:00:00,0.109
acct_0593,0,2024-10-19 00:00:00,0.021
acct_0594,0,2024-11-02 00:00:00,0.132
acct_0595,0,2024-09-19 00:00:00,0.089
acct_0596,0,2025-05-22 00:00:00,0.033
acct_0597,0,2025-06-28 00:00:00,0.07
acct_0598,0,2023-03-28 00:00:00,0.145
acct_0599,0,2024-12-23 00:00:00,0.123
acct_0600,0,2025-06-09 00:00:00,0.055
acct_0601,0,2023-04-28 00:00:00,0.015
acct_0602,0,2025-04-11 00:00:00,0.073
acct_0603,0,2023-11-24 00:00:00,0.191
acct_0604,0,2023-10-20 00:00:00,0.17
acct_0605,0,2025-06-16 00:00:00,0.007
acct_0606,0,2023-05-18 00:00:00,0.047
acct_0607,0,2025-01-20 00:00:00,0.072
acct_0608,0,2023-03-08 00:00:00,0.121
acct_0609,0,2025-07-10 00:00:00,0.19
acct_0610,0,2025-01-31 00:00:00,0.089
acct_0611,0,2023-06-07 00:00:00,0.115
acct_0612,0,2025-12-20 00:00:00,0.073
acct_0613,0,2024-10-05 00:00:00,0.13
acct_0614,0,2024-05-26 00:00:00,0.192
acct_0615,0,2023-02-23 00:00:00,0.147
acct_0616,0,2025-10-19 00:00:00,0.104
acct_0617,0,2026-02-24 00:00:00,0.024
acct_0618,0,2024-06-17 00:00:00,0.141
acct_0619,0,2024-03-15 00:00:00,0.199
acct_0620,0,2024-08-07 00:00:00,0.139
acct_0621,0,2025-10-02 00:00:00,0.04
acct_0622,0,2023-10-05 00:00:00,0.171
acct_0623,0,2025-07-14 00:00:00,0.035
acct_0624,0,2025-06-30 00:00:00,0.199
acct_0625,0,2024-10-16 00:00:00,0.134
acct_0626,0,2023-05-13 00:00:00,0.11
acct_0627,0,2024-08-17 00:00:00,0.178
acct_0628,0,2023-11-19 00:00:00,0.142
acct_0629,0,2023-12-23 00:00:00,0.159
acct_0630,0,2025-11-07 00:00:00,0.045
acct_0631,0,2024-02-16 00:00:00,0.158
acct_0632,0,2024-04-29 00:00:00,0.158
acct_0633,0,2023-02-23 00:00:00,0.072
acct_0634,0,2025-01-25 00:00:00,0.093
acct_0635,0,2026-02-03 00:00:00,0.026
acct_0636,0,2023-06-26 00:00:00,0.013
acct_0637,0,2025-03-26 00:00:00,0.2
acct_0638,0,2025-09-07 00:00:00,0.105
acct_0639,0,2025-04-18 00:00:00,0.165
acct_0640,0,2023-06-01 00:00:00,0.025
acct_0641,0,2024-10-11 00:00:00,0.128
acct_0642,0,2025-07-10 00:00:00,0.093
acct_0643,0,2025-11-25 00:00:00,0.069
acct_0644,0,2026-02-03 00:00:00,0.128
acct_0645,0,2024-01-08 00:00:00,0.154
acct_0646,0,2023-09-22 00:00:00,0.087
acct_0647,0,2023-04-24 00:00:00,0.166
acct_0648,0,2025-11-27 00:00:00,0.031
acct_0649,0,2023-12-04 00:00:00,0.032
acct_0650,0,2024-04-06 00:00:00,0.069
acct_0651,0,2025-11-28 00:00:00,0.179
acct_0652,0,2023-06-11 00:00:00,0.05
acct_0653,0,2026-02-02 00:00:00,0.055
acct_0654,0,2024-09-12 00:00:00,0.123
acct_0655,0,2023-07-11 00:00:00,0.101
acct_0656,0,2023-12-12 00:00:00,0.118
acct_0657,0,2023-11-12 00:00:00,0.034
acct_0658,0,2024-11-22 00:00:00,0.169
acct_0659,0,2026-02-28 00:00:00,0.008
acct_0660,0,2023-02-28 00:00:00,0.016
acct_0661,0,2024-06-26 00:00:00,0.13
acct_0662,0,2025-05-03 00:00:00,0.124
acct_0663,0,2023-03-04 00:00:00,0.1
acct_0664,0,2026-01-22 00:00:00,0.058
acct_0665,0,2024-09-10 00:00:00,0.097
acct_0666,0,2025-04-11 00:00:00,0.059
acct_0667,0,2023-05-30 00:00:00,0.138
acct_0668,0,2023-11-20 00:00:00,0.088
acct_0669,0,2025-09-18 00:00:00,0.093
acct_0670,0,2024-11-27 00:00:00,0.121
acct_0671,0,2024-10-02 00:00:00,0.172
acct_0672,0,2024-10-15 00:00:00,0.147
acct_0673,0,2024-12-08 00:00:00,0.195
acct_0674,0,2023-09-25 00:00:00,0.152
acct_0675,0,2025-11-20 00:00:00,0.112
acct_0676,0,2024-10-15 00:00:00,0.048
acct_0677,0,2023-09-08 00:00:00,0.053
acct_0678,0,2024-05-22 00:00:00,0.028
acct_0679,0,2023-04-14 00:00:00,0.058
acct_0680,0,2025-02-25 00:00:00,0.173
acct_0681,0,2025-05-06 00:00:00,0.05
acct_0682,0,2023-11-24 00:00:00,0.163
acct_0683,0,2024-10-02 00:00:00,0.038
acct_0684,0,2023-11-23 00:00:00,0.1
acct_0685,0,2025-11-20 00:00:00,0.093
acct_0686,0,2024-09-23 00:00:00,0.099
acct_0687,0,2023-07-04 00:00:00,0.189
acct_0688,0,2025-11-01 00:00:00,0.091
acct_0689,0,2024-05-08 00:00:00,0.043
acct_0690,0,2024-12-23 00:00:00,0.01
acct_0691,0,2024-07-30 00:00:00,0.099
acct_0692,0,2025-08-21 00:00:00,0.057
acct_0693,0,2023-01-17 00:00:00,0.169
acct_0694,0,2025-06-01 00:00:00,0.027
acct_0695,0,2024-06-25 00:00:00,0.146
acct_0696,0,2025-04-05 00:00:00,0.073
acct_0697,0,2025-03-31 00:00:00,0.01
acct_0698,0,2026-02-24 00:00:00,0.039
acct_0699,0,2026-02-07 00:00:00,0.058
acct_0700,0,2025-03-02 00:00:00,0.101
acct_0701,0,2026-01-31 00:00:00,0.056
acct_0702,0,2023-09-01 00:00:00,0.026
acct_0703,0,2023-07-18 00:00:00,0.079
acct_0704,0,2024-11-25 00:00:00,0.112
acct_0705,0,2025-01-18 00:00:00,0.151
acct_0706,0,2024-02-12 00:00:00,0.12
acct_0707,0,2025-04-02 00:00:00,0.1
acct_0708,0,2023-04-03 00:00:00,0.008
acct_0709,0,2024-11-13 00:00:00,0.161
acct_0710,0,2025-11-29 00:00:00,0.091
acct_0711,0,2025-11-21 00:00:00,0.028
acct_0712,0,2024-10-14 00:00:00,0.033
acct_0713,0,2024-09-04 00:00:00,0.119
acct_0714,0,2025-11-04 00:00:00,0.166
acct_0715,0,2025-12-26 00:00:00,0.098
acct_0716,0,2026-02-26 00:00:00,0.06
acct_0717,0,2023-02-04 00:00:00,0.074
acct_0718,0,2023-08-13 00:00:00,0.196
acct_0719,0,2024-09-22 00:00:00,0.159
acct_0720,0,2023-02-24 00:00:00,0.119
acct_0721,0,2024-06-27 00:00:00,0.193
acct_0722,0,2024-04-11 00:00:00,0.144
acct_0723,0,2025-09-10 00:00:00,0.034
acct_0724,0,2025-02-17 00:00:00,0.03
acct_0725,0,2024-05-11 00:00:00,0.006
acct_0726,0,2023-08-14 00:00:00,0.038
acct_0727,0,2025-06-22 00:00:00,0.063
acct_0728,0,2023-11-07 00:00:00,0.083
acct_0729,0,2024-02-22 00:00:00,0.082
acct_0730,0,2025-08-23 00:00:00,0.175
acct_0731,0,2023-05-08 00:00:00,0.141
acct_0732,0,2025-11-28 00:00:00,0.041
acct_0733,0,2024-10-27 00:00:00,0.2
acct_0734,0,2025-09-06 00:00:00,0.105
acct_0735,0,2024-10-04 00:00:00,0.191
acct_0736,0,2025-07-30 00:00:00,0.182
acct_0737,0,2024-12-02 00:00:00,0.109
acct_0738,0,2024-06-25 00:00:00,0.122
acct_0739,0,2024-01-29 00:00:00,0.191
acct_0740,0,2024-07-25 00:00:00,0.112
acct_0741,0,2024-04-05 00:00:00,0.188
acct_0742,0,2024-09-01 00:00:00,0.154
acct_0743,0,2024-02-29 00:00:00,0.138
acct_0744,0,2025-09-28 00:00:00,0.063
acct_0745,0,2024-12-15 00:00:00,0.112
acct_0746,0,2024-07-14 00:00:00,0.058
acct_0747,0,2026-01-17 00:00:00,0.076
acct_0748,0,2025-03-19 00:00:00,0.164
acct_0749,0,2023-10-27 00:00:00,0.058
acct_0750,0,2024-08-12 00:00:00,0.191
acct_0751,0,2023-06-11 00:00:00,0.069
acct_0752,0,2025-06-24 00:00:00,0.131
acct_0753,0,2025-09-08 00:00:00,0.043
acct_0754,0,2026-01-08 00:00:00,0.054
acct_0755,0,2026-02-25 00:00:00,0.139
acct_0756,0,2023-10-09 00:00:00,0.022
acct_0757,0,2024-05-05 00:00:00,0.048
acct_0758,0,2025-12-23 00:00:00,0.045
acct_0759,0,2024-04-21 00:00:00,0.01
acct_0760,0,2025-04-26 00:00:00,0.066
acct_0761,0,2025-08-25 00:00:00,0.02
acct_0762,0,2023-10-09 00:00:00,0.001
acct_0763,0,2026-02-01 00:00:00,0.196
acct_0764,0,2023-11-20 00:00:00,0.081
acct_0765,0,2025-09-01 00:00:00,0.095
acct_0766,0,2024-02-13 00:00:00,0.151
acct_0767,0,2024-08-11 00:00:00,0.064
acct_0768,0,2023-05-02 00:00:00,0.182
acct_0769,0,2023-07-03 00:00:00,0.13
acct_0770,0,2024-04-20 00:00:00,0.107
acct_0771,0,2023-03-18 00:00:00,0.183
acct_0772,0,2023-12-25 00:00:00,0.084
acct_0773,0,2023-12-27 00:00:00,0.187
acct_0774,0,2023-03-16 00:00:00,0.199
acct_0775,0,2025-03-24 00:00:00,0.158
acct_0776,0,2024-01-17 00:00:00,0.187
acct_0777,0,2024-08-15 00:00:00,0.175
acct_0778,0,2023-01-19 00:00:00,0.06
acct_0779,0,2023-08-08 00:00:00,0.186
acct_0780,0,2024-11-17 00:00:00,0.057
acct_0781,0,2026-01-17 00:00:00,0.105
acct_0782,0,2023-10-02 00:00:00,0.17
acct_0783,0,2025-08-16 00:00:00,0.055
acct_0784,0,2023-08-19 00:00:00,0.066
acct_0785,0,2025-07-28 00:00:00,0.13
acct_0786,0,2024-01-17 00:00:00,0.003
acct_0787,0,2024-11-21 00:00:00,0.158
acct_0788,0,2024-01-31 00:00:00,0.035
acct_0789,0,2025-04-10 00:00:00,0.165
acct_0790,0,2025-11-21 00:00:00,0.066
acct_0791,0,2025-03-31 00:00:00,0.134
acct_0792,0,2024-01-14 00:00:00,0.196
acct_0793,0,2025-09-04 00:00:00,0.065
acct_0794,0,2024-05-23 00:00:00,0.001
acct_0795,0,2025-02-24 00:00:00,0.047
acct_0796,0,2024-06-30 00:00:00,0.191
acct_0797,0,2024-09-10 00:00:00,0.116
acct_0798,0,2023-01-24 00:00:00,0.052
acct_0799,0,2025-01-06 00:00:00,0.139
acct_0800,0,2023-05-08 00:00:00,0.134
acct_0801,0,2025-08-11 00:00:00,0.061
acct_0802,0,2025-04-10 00:00:00,0.137
acct_0803,0,2024-09-28 00:00:00,0.138
acct_0804,0,2024-08-27 00:00:00,0.074
acct_0805,0,2024-03-28 00:00:00,0.044
acct_0806,0,2023-10-01 00:00:00,0.096
acct_0807,0,2025-07-20 00:00:00,0.15
acct_0808,0,2025-02-04 00:00:00,0.083
acct_0809,0,2026-01-29 00:00:00,0.183
acct_0810,0,2026-01-05 00:00:00,0.16
acct_0811,0,2024-03-23 00:00:00,0.152
acct_0812,0,2023-06-17 00:00:00,0.105
acct_0813,0,2025-12-17 00:00:00,0.141
acct_0814,0,2023-06-09 00:00:00,0.183
acct_0815,0,2023-08-18 00:00:00,0.012
acct_0816,0,2026-01-26 00:00:00,0.181
acct_0817,0,2024-02-19 00:00:00,0.115
acct_0818,0,2023-11-03 00:00:00,0.033
acct_0819,0,2025-12-01 00:00:00,0.088
acct_0820,0,2024-02-25 00:00:00,0.143
acct_0821,0,2025-09-28 00:00:00,0.018
acct_0822,0,2025-11-11 00:00:00,0.089
acct_0823,0,2023-04-24 00:00:00,0.091
acct_0824,0,2025-11-17 00:00:00,0.083
acct_0825,0,2026-02-28 00:00:00,0.012
acct_0826,0,2025-08-04 00:00:00,0.135
acct_0827,0,2024-09-23 00:00:00,0.145
acct_0828,0,2025-03-21 00:00:00,0.051
acct_0829,0,2023-01-07 00:00:00,0.149
acct_0830,0,2023-05-30 00:00:00,0.009
acct_0831,0,2024-12-06 00:00:00,0.14
acct_0832,0,2026-01-13 00:00:00,0.199
acct_0833,0,2023-05-22 00:00:00,0.197
acct_0834,0,2025-08-24 00:00:00,0.006
acct_0835,0,2025-04-17 00:00:00,0.036
acct_0836,0,2023-10-05 00:00:00,0.153
acct_0837,0,2025-05-10 00:00:00,0.075
acct_0838,0,2025-02-22 00:00:00,0.09
acct_0839,0,2025-02-12 00:00:00,0.075
acct_0840,0,2026-01-09 00:00:00,0.027
acct_0841,0,2024-12-13 00:00:00,0.024
acct_0842,0,2026-01-05 00:00:00,0.079
acct_0843,0,2023-09-18 00:00:00,0.146
acct_0844,0,2024-04-01 00:00:00,0.167
acct_0845,0,2023-02-16 00:00:00,0.196
acct_0846,0,2025-08-06 00:00:00,0.135
acct_0847,0,2026-01-20 00:00:00,0.085
acct_0848,0,2025-02-15 00:00:00,0.165
acct_0849,0,2024-05-21 00:00:00,0.092
acct_0850,0,2023-11-14 00:00:00,0.055
acct_0851,0,2023-08-20 00:00:00,0.006
acct_0852,0,2025-05-08 00:00:00,0.123
acct_0853,0,2023-02-02 00:00:00,0.048
acct_0854,0,2023-05-18 00:00:00,0.02
acct_0855,0,2023-03-10 00:00:00,0.089
acct_0856,0,2023-04-10 00:00:00,0.049
acct_0857,0,2023-04-01 00:00:00,0.08
acct_0858,0,2024-04-24 00:00:00,0.108
acct_0859,0,2023-04-26 00:00:00,0.028
acct_0860,0,2024-08-15 00:00:00,0.047
acct_0861,0,2024-10-15 00:00:00,0.115
acct_0862,0,2024-10-18 00:00:00,0.047
acct_0863,0,2023-10-21 00:00:00,0.197
acct_0864,0,2025-12-03 00:00:00,0.044
acct_0865,0,2024-09-07 00:00:00,0.055
acct_0866,0,2026-02-14 00:00:00,0.19
acct_0867,0,2023-12-25 00:00:00,0.125
acct_0868,0,2025-05-24 00:00:00,0.111
acct_0869,0,2023-04-07 00:00:00,0.194
acct_0870,0,2025-02-19 00:00:00,0.157
acct_0871,0,2024-10-14 00:00:00,0.139
acct_0872,0,2025-04-16 00:00:00,0.03
acct_0873,0,2025-02-09 00:00:00,0.037
acct_0874,0,2026-01-06 00:00:00,0.095
acct_0875,0,2024-04-06 00:00:00,0.06
acct_0876,0,2023-10-23 00:00:00,0.161
acct_0877,0,2023-04-29 00:00:00,0.112
acct_0878,0,2025-05-03 00:00:00,0.111
acct_0879,0,2023-10-02 00:00:00,0.078
acct_0880,0,2024-06-06 00:00:00,0.041
acct_0881,0,2023-06-11 00:00:00,0.184
acct_0882,0,2025-01-29 00:00:00,0.018
acct_0883,0,2024-01-26 00:00:00,0.01
acct_0884,0,2025-02-11 00:00:00,0.135
acct_0885,0,2023-03-22 00:00:00,0.175
acct_0886,0,2024-01-21 00:00:00,0.161
acct_0887,0,2026-02-18 00:00:00,0.043
acct_0888,0,2024-03-03 00:00:00,0.174
acct_0889,0,2024-11-12 00:00:00,0.061
acct_0890,0,2023-02-01 00:00:00,0.042
acct_0891,0,2024-01-25 00:00:00,0.192
acct_0892,0,2023-08-29 00:00:00,0.149
acct_0893,0,2025-09-07 00:00:00,0.183
acct_0894,0,2024-02-23 00:00:00,0.079
acct_0895,0,2024-05-05 00:00:00,0.11
acct_0896,0,2024-08-02 00:00:00,0.076
acct_0897,0,2025-12-28 00:00:00,0.13
acct_0898,0,2024-09-23 00:00:00,0.052
acct_0899,0,2025-11-16 00:00:00,0.177
acct_0900,0,2025-08-12 00:00:00,0.02
acct_0901,0,2025-08-19 00:00:00,0.152
acct_0902,0,2024-10-17 00:00:00,0.183
acct_0903,0,2025-01-29 00:00:00,0.063
acct_0904,0,2023-04-04 00:00:00,0.113
acct_0905,0,2024-03-29 00:00:00,0.148
acct_0906,0,2023-02-03 00:00:00,0.052
acct_0907,0,2025-05-05 00:00:00,0.059
acct_0908,0,2024-02-06 00:00:00,0.066
acct_0909,0,2025-02-16 00:00:00,0.114
acct_0910,0,2024-05-18 00:00:00,0.1
acct_0911,0,2024-11-22 00:00:00,0.051
acct_0912,0,2025-09-27 00:00:00,0.193
acct_0913,0,2025-10-01 00:00:00,0.092
acct_0914,0,2024-12-22 00:00:00,0.034
acct_0915,0,2026-01-24 00:00:00,0.098
acct_0916,0,2026-01-15 00:00:00,0.198
acct_0917,0,2023-05-01 00:00:00,0.105
acct_0918,0,2023-06-02 00:00:00,0.189
acct_0919,0,2023-04-10 00:00:00,0.153
acct_0920,0,2025-04-24 00:00:00,0.027
acct_0921,0,2024-04-18 00:00:00,0.014
acct_0922,0,2023-11-06 00:00:00,0.002
acct_0923,0,2025-11-01 00:00:00,0.091
acct_0924,0,2023-05-04 00:00:00,0.124
acct_0925,0,2025-09-16 00:00:00,0.132
acct_0926,0,2023-02-02 00:00:00,0.001
acct_0927,0,2026-02-03 00:00:00,0.082
acct_0928,0,2023-02-04 00:00:00,0.106
acct_0929,0,2024-07-16 00:00:00,0.107
acct_0930,0,2024-08-10 00:00:00,0.003
acct_0931,0,2025-05-31 00:00:00,0.161
acct_0932,0,2024-01-03 00:00:00,0.021
acct_0933,0,2023-07-17 00:00:00,0.105
acct_0934,0,2024-05-08 00:00:00,0.038
acct_0935,0,2025-12-14 00:00:00,0.05
acct_0936,0,2024-12-26 00:00:00,0.053
acct_0937,0,2025-03-23 00:00:00,0.016
acct_0938,0,2025-04-11 00:00:00,0.092
acct_0939,0,2024-05-13 00:00:00,0.198
acct_0940,0,2024-04-07 00:00:00,0.06
acct_0941,0,2023-06-15 00:00:00,0.131
acct_0942,0,2023-03-06 00:00:00,0.019
acct_0943,0,2025-02-15 00:00:00,0.075
acct_0944,0,2025-09-01 00:00:00,0.011
acct_0945,0,2023-01-20 00:00:00,0.141
acct_0946,0,2023-06-19 00:00:00,0.1
acct_0947,0,2025-06-07 00:00:00,0.129
acct_0948,0,2024-11-09 00:00:00,0.113
acct_0949,0,2023-07-15 00:00:00,0.179
acct_0950,0,2023-03-29 00:00:00,0.046
acct_0951,0,2025-08-31 00:00:00,0.054
acct_0952,0,2023-06-02 00:00:00,0.137
acct_0953,0,2024-07-28 00:00:00,0.18
acct_0954,0,2026-02-28 00:00:00,0.132
acct_0955,0,2024-01-03 00:00:00,0.186
acct_0956,0,2024-10-06 00:00:00,0.003
acct_0957,0,2024-02-29 00:00:00,0.117
acct_0958,0,2025-03-26 00:00:00,0.186
acct_0959,0,2024-09-04 00:00:00,0.032
acct_0960,0,2024-05-07 00:00:00,0.113
acct_0961,0,2025-03-07 00:00:00,0.135
acct_0962,0,2026-01-12 00:00:00,0.066
acct_0963,0,2023-10-14 00:00:00,0.158
acct_0964,0,2023-06-10 00:00:00,0.1
acct_0965,0,2024-12-09 00:00:00,0.011
acct_0966,0,2025-06-14 00:00:00,0.046
acct_0967,0,2023-06-05 00:00:00,0.068
acct_0968,0,2025-03-23 00:00:00,0.194
acct_0969,0,2024-10-30 00:00:00,0.006
acct_0970,0,2024-07-13 00:00:00,0.157
acct_0971,0,2025-07-11 00:00:00,0.098
acct_0972,0,2024-12-29 00:00:00,0.111
acct_0973,0,2025-02-07 00:00:00,0.086
acct_0974,0,2025-02-17 00:00:00,0.017
acct_0975,0,2024-08-27 00:00:00,0.16
acct_0976,0,2023-05-31 00:00:00,0.016
acct_0977,0,2023-11-12 00:00:00,0.076
acct_0978,0,2023-11-12 00:00:00,0.148
acct_0979,0,2024-10-10 00:00:00,0.072
acct_0980,0,2023-07-07 00:00:00,0.001
acct_0981,0,2024-09-23 00:00:00,0.089
acct_0982,0,2024-07-06 00:00:00,0.02
acct_0983,0,2023-06-28 00:00:00,0.037
acct_0984,0,2025-07-08 00:00:00,0.111
acct_0985,0,2025-11-15 00:00:00,0.082
acct_0986,0,2023-02-23 00:00:00,0.018
acct_0987,0,2026-02-09 00:00:00,0.019
acct_0988,0,2024-10-26 00:00:00,0.173
acct_0989,0,2023-01-26 00:00:00,0.058
acct_0990,0,2025-03-05 00:00:00,0.156
acct_0991,0,2026-02-19 00:00:00,0.181
acct_0992,0,2024-05-12 00:00:00,0.114
acct_0993,0,2023-12-14 00:00:00,0.137
acct_0994,0,2023-12-14 00:00:00,0.028
acct_0995,0,2024-09-08 00:00:00,0.054
acct_0996,0,2023-10-26 00:00:00,0.013
acct_0997,0,2025-06-09 00:00:00,0.055
acct_0998,0,2024-09-05 00:00:00,0.097
acct_0999,0,2023-06-07 00:00:00,0.072
acct_1000,0,2024-05-20 00:00:00,0.144
acct_1001,0,2025-10-12 00:00:00,0.119
acct_1002,0,2024-02-05 00:00:00,0.092
acct_1003,0,2023-10-05 00:00:00,0.061
acct_1004,0,2025-03-21 00:00:00,0.066
acct_1005,0,2025-02-17 00:00:00,0.161
acct_1006,0,2024-11-05 00:00:00,0.088
acct_1007,0,2025-05-31 00:00:00,0.163
acct_1008,0,2023-10-06 00:00:00,0.06
acct_1009,0,2024-02-16 00:00:00,0.096
acct_1010,0,2023-12-30 00:00:00,0.193
acct_1011,0,2024-10-15 00:00:00,0.058
acct_1012,0,2025-10-02 00:00:00,0.194
acct_1013,0,2024-05-11 00:00:00,0.065
acct_1014,0,2024-07-28 00:00:00,0.163
acct_1015,0,2025-03-15 00:00:00,0.073
acct_1016,0,2026-02-28 00:00:00,0.04
acct_1017,0,2026-01-22 00:00:00,0.036
acct_1018,0,2026-01-31 00:00:00,0.005
acct_1019,0,2025-08-03 00:00:00,0.189
acct_1020,0,2024-03-05 00:00:00,0.088
acct_1021,0,2024-08-19 00:00:00,0.166
acct_1022,0,2023-05-22 00:00:00,0.164
acct_1023,0,2025-04-17 00:00:00,0.135
acct_1024,0,2023-10-13 00:00:00,0.127
acct_1025,0,2024-05-10 00:00:00,0.051
acct_1026,0,2023-11-12 00:00:00,0.143
acct_1027,0,2025-02-11 00:00:00,0.015
acct_1028,0,2025-09-08 00:00:00,0.116
acct_1029,0,2025-12-30 00:00:00,0.101
acct_1030,0,2025-05-06 00:00:00,0.109
acct_1031,0,2025-01-06 00:00:00,0.14
acct_1032,0,2026-01-04 00:00:00,0.119
acct_1033,0,2023-06-24 00:00:00,0.022
acct_1034,0,2024-05-23 00:00:00,0.132
acct_1035,0,2024-12-28 00:00:00,0.033
acct_1036,0,2023-04-01 00:00:00,0.113
acct_1037,0,2025-03-29 00:00:00,0.193
acct_1038,0,2024-11-10 00:00:00,0.193
acct_1039,0,2025-05-31 00:00:00,0.021
acct_1040,0,2023-07-21 00:00:00,0.052
acct_1041,0,2025-11-11 00:00:00,0.149
acct_1042,0,2026-02-16 00:00:00,0.116
acct_1043,0,2024-03-28 00:00:00,0.089
acct_1044,0,2025-03-12 00:00:00,0.093
acct_1045,0,2025-10-21 00:00:00,0.03
acct_1046,0,2023-02-20 00:00:00,0.097
acct_1047,0,2024-08-28 00:00:00,0.083
acct_1048,0,2023-06-25 00:00:00,0.023
acct_1049,0,2023-10-18 00:00:00,0.07
acct_1050,0,2024-12-03 00:00:00,0.091
acct_1051,0,2024-02-28 00:00:00,0.104
acct_1052,0,2024-12-14 00:00:00,0.095
acct_1053,0,2025-06-16 00:00:00,0.144
acct_1054,0,2025-07-15 00:00:00,0.064
acct_1055,0,2024-09-06 00:00:00,0.009
acct_1056,0,2023-08-24 00:00:00,0.005
acct_1057,0,2024-12-03 00:00:00,0.13
acct_1058,0,2023-12-03 00:00:00,0.186
acct_1059,0,2024-05-14 00:00:00,0.103
acct_1060,0,2026-02-04 00:00:00,0.032
acct_1061,0,2026-02-20 00:00:00,0.085
acct_1062,0,2025-08-04 00:00:00,0.046
acct_1063,0,2025-04-09 00:00:00,0.126
acct_1064,0,2024-01-17 00:00:00,0.128
acct_1065,0,2025-06-04 00:00:00,0.079
acct_1066,0,2024-02-09 00:00:00,0.09
acct_1067,0,2025-05-29 00:00:00,0.078
acct_1068,0,2024-03-15 00:00:00,0.041
acct_1069,0,2023-05-09 00:00:00,0.115
acct_1070,0,2026-01-04 00:00:00,0.037
acct_1071,0,2024-10-29 00:00:00,0.039
acct_1072,0,2023-08-22 00:00:00,0.052
acct_1073,0,2025-09-29 00:00:00,0.106
acct_1074,0,2024-10-03 00:00:00,0.119
acct_1075,0,2025-03-14 00:00:00,0.117
acct_1076,0,2024-12-13 00:00:00,0.07
acct_1077,0,2025-07-26 00:00:00,0.123
acct_1078,0,2024-09-01 00:00:00,0.184
acct_1079,0,2023-06-23 00:00:00,0.134
acct_1080,0,2024-10-03 00:00:00,0.024
acct_1081,0,2024-09-17 00:00:00,0.023
acct_1082,0,2025-02-03 00:00:00,0.139
acct_1083,0,2025-11-12 00:00:00,0.078
acct_1084,0,2023-10-10 00:00:00,0.115
acct_1085,0,2025-05-16 00:00:00,0.037
acct_1086,0,2026-01-05 00:00:00,0.139
acct_1087,0,2023-12-21 00:00:00,0.111
acct_1088,0,2025-09-29 00:00:00,0.058
acct_1089,0,2024-01-19 00:00:00,0.063
acct_1090,0,2025-07-12 00:00:00,0.124
acct_1091,0,2025-01-05 00:00:00,0.19
acct_1092,0,2025-09-19 00:00:00,0.027
acct_1093,0,2025-02-25 00:00:00,0.193
acct_1094,0,2025-11-01 00:00:00,0.131
acct_1095,0,2025-04-17 00:00:00,0.137
acct_1096,0,2025-05-01 00:00:00,0.142
acct_1097,0,2025-06-28 00:00:00,0.098
acct_1098,0,2023-06-19 00:00:00,0.113
acct_1099,0,2024-03-27 00:00:00,0.058
acct_1100,0,2024-07-16 00:00:00,0.045
acct_1101,0,2024-08-14 00:00:00,0.034
acct_1102,0,2025-07-25 00:00:00,0.113
acct_1103,0,2025-10-11 00:00:00,0.11
acct_1104,0,2023-08-20 00:00:00,0.115
acct_1105,0,2024-07-02 00:00:00,0.155
acct_1106,0,2025-01-21 00:00:00,0.108
acct_1107,0,2023-03-27 00:00:00,0.152
acct_1108,0,2025-06-22 00:00:00,0.109
acct_1109,0,2025-05-20 00:00:00,0.02
acct_1110,0,2024-05-21 00:00:00,0.06
acct_1111,0,2023-03-08 00:00:00,0.09
acct_1112,0,2024-12-14 00:00:00,0.172
acct_1113,0,2023-06-28 00:00:00,0.088
acct_1114,0,2023-08-29 00:00:00,0.155
acct_1115,0,2024-04-30 00:00:00,0.042
acct_1116,0,2024-12-19 00:00:00,0.172
acct_1117,0,2025-05-26 00:00:00,0.033
acct_1118,0,2023-10-13 00:00:00,0.157
acct_1119,0,2024-02-28 00:00:00,0.161
acct_1120,0,2024-12-19 00:00:00,0.106
acct_1121,0,2026-01-08 00:00:00,0.034
acct_1122,0,2024-08-22 00:00:00,0.058
acct_1123,0,2024-07-01 00:00:00,0.19
acct_1124,0,2025-11-19 00:00:00,0.197
acct_1125,0,2023-07-15 00:00:00,0.027
acct_1126,0,2025-04-22 00:00:00,0.184
acct_1127,0,2024-07-21 00:00:00,0.173
acct_1128,0,2023-09-17 00:00:00,0.14
acct_1129,0,2023-09-29 00:00:00,0.05
acct_1130,0,2024-10-21 00:00:00,0.166
acct_1131,0,2025-03-15 00:00:00,0.098
acct_1132,0,2024-07-04 00:00:00,0.126
acct_1133,0,2025-02-07 00:00:00,0.09
acct_1134,0,2023-07-10 00:00:00,0.081
acct_1135,0,2024-07-23 00:00:00,0.139
acct_1136,0,2025-01-25 00:00:00,0.091
acct_1137,0,2025-09-26 00:00:00,0.065
acct_1138,0,2023-01-06 00:00:00,0.174
acct_1139,0,2023-07-10 00:00:00,0.146
acct_1140,0,2025-07-27 00:00:00,0.127
acct_1141,0,2025-01-03 00:00:00,0.17
acct_1142,0,2025-12-30 00:00:00,0.08
acct_1143,0,2025-05-29 00:00:00,0.165
acct_1144,0,2025-10-10 00:00:00,0.054
acct_1145,0,2024-08-03 00:00:00,0.068
acct_1146,0,2023-09-25 00:00:00,0.113
acct_1147,0,2025-09-20 00:00:00,0.158
acct_1148,0,2023-04-10 00:00:00,0.009
acct_1149,0,2025-07-30 00:00:00,0.003
acct_1150,0,2023-11-20 00:00:00,0.088
acct_1151,0,2023-01-02 00:00:00,0.198
acct_1152,0,2025-05-26 00:00:00,0.04
acct_1153,0,2023-09-28 00:00:00,0.176
acct_1154,0,2024-09-10 00:00:00,0.032
acct_1155,0,2024-07-15 00:00:00,0.019
acct_1156,0,2025-01-08 00:00:00,0.05
acct_1157,0,2025-01-31 00:00:00,0.133
acct_1158,0,2023-12-05 00:00:00,0.01
acct_1159,0,2024-09-17 00:00:00,0.145
acct_1160,0,2024-04-24 00:00:00,0.086
acct_1161,0,2023-07-06 00:00:00,0.141
acct_1162,0,2023-01-03 00:00:00,0.043
acct_1163,0,2023-06-09 00:00:00,0.027
acct_1164,0,2024-04-08 00:00:00,0.104
acct_1165,0,2025-06-30 00:00:00,0.002
acct_1166,0,2024-12-04 00:00:00,0.163
acct_1167,0,2025-05-14 00:00:00,0.139
acct_1168,0,2025-09-05 00:00:00,0.014
acct_1169,0,2025-02-23 00:00:00,0.018
acct_1170,0,2023-07-29 00:00:00,0.021
acct_1171,0,2025-01-22 00:00:00,0.176
acct_1172,0,2023-10-08 00:00:00,0.077
acct_1173,0,2023-09-30 00:00:00,0.128
acct_1174,0,2023-10-20 00:00:00,0.014
acct_1175,0,2026-02-27 00:00:00,0.002
acct_1176,0,2023-12-03 00:00:00,0.088
acct_1177,0,2024-03-12 00:00:00,0.126
acct_1178,0,2023-11-07 00:00:00,0.184
acct_1179,0,2025-06-25 00:00:00,0.172
acct_1180,0,2023-06-27 00:00:00,0.179
acct_1181,0,2023-10-14 00:00:00,0.15
acct_1182,0,2025-02-25 00:00:00,0.07
acct_1183,0,2025-05-29 00:00:00,0.063
acct_1184,0,2023-10-14 00:00:00,0.05
acct_1185,0,2023-06-22 00:00:00,0.05
acct_1186,0,2024-08-06 00:00:00,0.156
acct_1187,0,2023-02-24 00:00:00,0.17
acct_1188,0,2024-09-09 00:00:00,0.041
acct_1189,0,2025-11-09 00:00:00,0.038
acct_1190,0,2025-03-13 00:00:00,0.059
acct_1191,0,2023-04-22 00:00:00,0.157
acct_1192,0,2024-05-05 00:00:00,0.099
acct_1193,0,2023-08-19 00:00:00,0.048
acct_1194,0,2023-05-26 00:00:00,0.106
acct_1195,0,2023-01-25 00:00:00,0.197
acct_1196,0,2024-10-10 00:00:00,0.026
acct_1197,0,2025-05-11 00:00:00,0.073
acct_1198,0,2023-12-20 00:00:00,0.153
acct_1199,0,2023-05-30 00:00:00,0.003
acct_1200,0,2023-05-19 00:00:00,0.003
acct_1201,0,2024-03-17 00:00:00,0.008
acct_1202,0,2023-05-04 00:00:00,0.19
acct_1203,0,2025-03-26 00:00:00,0.101
acct_1204,0,2025-10-23 00:00:00,0.153
acct_1205,0,2025-05-17 00:00:00,0.14
acct_1206,0,2023-06-18 00:00:00,0.128
acct_1207,0,2026-01-06 00:00:00,0.123
acct_1208,0,2024-07-22 00:00:00,0.017
acct_1209,0,2023-06-11 00:00:00,0.102
acct_1210,0,2024-02-21 00:00:00,0.195
acct_1211,0,2023-11-15 00:00:00,0.107
acct_1212,0,2025-03-11 00:00:00,0.117
acct_1213,0,2023-05-16 00:00:00,0.062
acct_1214,0,2025-06-14 00:00:00,0.146
acct_1215,0,2024-05-03 00:00:00,0.012
acct_1216,0,2023-06-26 00:00:00,0.185
acct_1217,0,2023-08-26 00:00:00,0.091
acct_1218,0,2023-04-23 00:00:00,0.062
acct_1219,0,2023-12-26 00:00:00,0.024
acct_1220,0,2023-10-09 00:00:00,0.14
acct_1221,0,2023-12-02 00:00:00,0.099
acct_1222,0,2024-12-11 00:00:00,0.105
acct_1223,0,2024-06-14 00:00:00,0.033
acct_1224,0,2023-09-17 00:00:00,0.15
acct_1225,0,2024-07-04 00:00:00,0.147
acct_1226,0,2023-08-30 00:00:00,0.154
acct_1227,0,2023-03-02 00:00:00,0.067
acct_1228,0,2025-05-29 00:00:00,0.054
acct_1229,0,2023-05-11 00:00:00,0.053
acct_1230,0,2023-06-07 00:00:00,0.099
acct_1231,0,2025-11-12 00:00:00,0.072
acct_1232,0,2025-10-20 00:00:00,0.172
acct_1233,0,2023-12-08 00:00:00,0.074
acct_1234,0,2024-06-06 00:00:00,0.155
acct_1235,0,2023-08-25 00:00:00,0.046
acct_1236,0,2025-11-08 00:00:00,0.001
acct_1237,0,2023-01-26 00:00:00,0.049
acct_1238,0,2025-08-24 00:00:00,0.073
acct_1239,0,2023-11-04 00:00:00,0.036
acct_1240,0,2023-03-14 00:00:00,0.111
acct_1241,0,2025-05-08 00:00:00,0.045
acct_1242,0,2024-05-23 00:00:00,0.083
acct_1243,0,2024-10-17 00:00:00,0.054
acct_1244,0,2023-06-09 00:00:00,0.114
acct_1245,0,2023-09-02 00:00:00,0.1
acct_1246,0,2023-04-18 00:00:00,0.036
acct_1247,0,2025-11-22 00:00:00,0.196
acct_1248,0,2025-04-01 00:00:00,0.014
acct_1249,0,2025-08-10 00:00:00,0.173
acct_1250,0,2024-09-28 00:00:00,0.065
acct_1251,0,2026-02-06 00:00:00,0.091
acct_1252,0,2025-01-25 00:00:00,0.04
acct_1253,0,2026-02-28 00:00:00,0.157
acct_1254,0,2024-05-11 00:00:00,0.093
acct_1255,0,2025-10-07 00:00:00,0.2
acct_1256,0,2024-02-05 00:00:00,0.146
acct_1257,0,2026-01-24 00:00:00,0.152
acct_1258,0,2024-05-17 00:00:00,0.03
acct_1259,0,2025-04-19 00:00:00,0.005
acct_1260,0,2026-01-14 00:00:00,0.069
acct_1261,0,2023-01-20 00:00:00,0.19
acct_1262,0,2023-01-03 00:00:00,0.152
acct_1263,0,2025-02-09 00:00:00,0.17
acct_1264,0,2024-09-21 00:00:00,0.021
acct_1265,0,2025-12-21 00:00:00,0.197
acct_1266,0,2025-05-09 00:00:00,0.098
acct_1267,0,2023-05-03 00:00:00,0.195
acct_1268,0,2023-10-19 00:00:00,0.142
acct_1269,0,2023-07-10 00:00:00,0.009
acct_1270,0,2024-04-19 00:00:00,0.179
acct_1271,0,2025-11-30 00:00:00,0.083
acct_1272,0,2025-02-01 00:00:00,0.092
acct_1273,0,2023-06-23 00:00:00,0.116
acct_1274,0,2025-11-01 00:00:00,0.027
acct_1275,0,2025-03-18 00:00:00,0.015
acct_1276,0,2023-05-08 00:00:00,0.087
acct_1277,0,2023-09-25 00:00:00,0.047
acct_1278,0,2024-06-18 00:00:00,0.17
acct_1279,0,2025-03-15 00:00:00,0.14
acct_1280,0,2024-10-30 00:00:00,0.064
acct_1281,0,2024-07-10 00:00:00,0.047
acct_1282,0,2024-02-20 00:00:00,0.027
acct_1283,0,2023-08-12 00:00:00,0.031
acct_1284,0,2023-12-03 00:00:00,0.09
acct_1285,0,2024-10-05 00:00:00,0.081
acct_1286,0,2026-01-02 00:00:00,0.072
acct_1287,0,2024-03-01 00:00:00,0.09
acct_1288,0,2025-08-06 00:00:00,0.053
acct_1289,0,2023-09-03 00:00:00,0.018
acct_1290,0,2024-09-15 00:00:00,0.165
acct_1291,0,2023-03-24 00:00:00,0.043
acct_1292,0,2024-11-02 00:00:00,0.03
acct_1293,0,2024-05-23 00:00:00,0.194
acct_1294,0,2025-03-22 00:00:00,0.103
acct_1295,0,2024-09-04 00:00:00,0.052
acct_1296,0,2023-12-23 00:00:00,0.006
acct_1297,0,2025-04-08 00:00:00,0.171
acct_1298,0,2026-02-12 00:00:00,0.15
acct_1299,0,2024-05-26 00:00:00,0.019
acct_1300,0,2023-07-28 00:00:00,0.161
acct_1301,0,2023-10-14 00:00:00,0.024
acct_1302,0,2023-05-07 00:00:00,0.166
acct_1303,0,2024-03-31 00:00:00,0.026
acct_1304,0,2025-03-31 00:00:00,0.074
acct_1305,0,2023-06-22 00:00:00,0.116
acct_1306,0,2024-06-14 00:00:00,0.183
acct_1307,0,2023-06-03 00:00:00,0.004
acct_1308,0,2023-05-13 00:00:00,0.04
acct_1309,0,2025-06-27 00:00:00,0.162
acct_1310,0,2023-07-08 00:00:00,0.181
acct_1311,0,2024-11-10 00:00:00,0.025
acct_1312,0,2025-08-02 00:00:00,0.01
acct_1313,0,2025-06-06 00:00:00,0.164
acct_1314,0,2025-03-19 00:00:00,0.099
acct_1315,0,2025-02-22 00:00:00,0.137
acct_1316,0,2023-12-20 00:00:00,0.071
acct_1317,0,2024-01-19 00:00:00,0.055
acct_1318,0,2025-07-02 00:00:00,0.177
acct_1319,0,2023-03-12 00:00:00,0.123
acct_1320,0,2024-05-18 00:00:00,0.129
acct_1321,0,2025-10-18 00:00:00,0.082
acct_1322,0,2026-02-01 00:00:00,0.096
acct_1323,0,2023-06-29 00:00:00,0.056
acct_1324,0,2023-10-09 00:00:00,0.084
acct_1325,0,2025-12-12 00:00:00,0.05
acct_1326,0,2026-01-18 00:00:00,0.159
acct_1327,0,2025-02-22 00:00:00,0.156
acct_1328,0,2025-01-05 00:00:00,0.096
acct_1329,0,2025-09-19 00:00:00,0.069
acct_1330,0,2025-10-25 00:00:00,0.064
acct_1331,0,2024-07-07 00:00:00,0.036
acct_1332,0,2024-10-15 00:00:00,0.119
acct_1333,0,2023-03-02 00:00:00,0.179
acct_1334,0,2024-07-29 00:00:00,0.012
acct_1335,0,2025-08-24 00:00:00,0.106
acct_1336,0,2024-04-21 00:00:00,0.195
acct_1337,0,2023-07-25 00:00:00,0.05
acct_1338,0,2024-05-08 00:00:00,0.053
acct_1339,0,2023-04-25 00:00:00,0.153
acct_1340,0,2024-03-25 00:00:00,0.115
acct_1341,0,2025-03-06 00:00:00,0.071
acct_1342,0,2023-12-22 00:00:00,0.035
acct_1343,0,2024-10-13 00:00:00,0.161
acct_1344,0,2025-01-04 00:00:00,0.183
acct_1345,0,2023-02-27 00:00:00,0.141
acct_1346,0,2024-12-21 00:00:00,0.19
acct_1347,0,2026-02-28 00:00:00,0.028
acct_1348,0,2024-01-21 00:00:00,0.167
acct_1349,0,2025-10-05 00:00:00,0.108
acct_1350,0,2023-12-26 00:00:00,0.098
acct_1351,0,2023-07-04 00:00:00,0.011
acct_1352,0,2024-03-24 00:00:00,0.004
acct_1353,0,2025-09-05 00:00:00,0.0
acct_1354,0,2024-02-17 00:00:00,0.161
acct_1355,0,2024-11-28 00:00:00,0.143
acct_1356,0,2024-10-24 00:00:00,0.012
acct_1357,0,2023-10-30 00:00:00,0.117
acct_1358,0,2023-10-18 00:00:00,0.155
acct_1359,0,2025-12-13 00:00:00,0.172
acct_1360,0,2023-05-29 00:00:00,0.075
acct_1361,0,2025-03-21 00:00:00,0.117
acct_1362,0,2024-11-20 00:00:00,0.06
acct_1363,0,2023-10-07 00:00:00,0.195
acct_1364,0,2025-06-13 00:00:00,0.158
acct_1365,0,2025-09-24 00:00:00,0.13
acct_1366,0,2023-12-23 00:00:00,0.141
acct_1367,0,2026-02-24 00:00:00,0.139
acct_1368,0,2024-12-31 00:00:00,0.045
acct_1369,0,2023-12-26 00:00:00,0.076
acct_1370,0,2024-08-26 00:00:00,0.025
acct_1371,0,2023-01-04 00:00:00,0.19
acct_1372,0,2025-03-12 00:00:00,0.17
acct_1373,0,2023-03-08 00:00:00,0.036
acct_1374,0,2024-10-13 00:00:00,0.184
acct_1375,0,2024-03-28 00:00:00,0.128
acct_1376,0,2023-08-02 00:00:00,0.187
acct_1377,0,2023-10-16 00:00:00,0.066
acct_1378,0,2023-06-09 00:00:00,0.048
acct_1379,0,2024-10-16 00:00:00,0.034
acct_1380,0,2023-07-01 00:00:00,0.164
acct_1381,0,2024-11-18 00:00:00,0.089
acct_1382,0,2024-06-27 00:00:00,0.042
acct_1383,0,2023-05-19 00:00:00,0.07
acct_1384,0,2023-08-10 00:00:00,0.144
acct_1385,0,2023-04-09 00:00:00,0.077
acct_1386,0,2025-05-09 00:00:00,0.194
acct_1387,0,2025-04-27 00:00:00,0.099
acct_1388,0,2025-02-14 00:00:00,0.07
acct_1389,0,2025-02-07 00:00:00,0.02
acct_1390,0,2025-09-08 00:00:00,0.158
acct_1391,0,2024-04-06 00:00:00,0.033
acct_1392,0,2023-05-31 00:00:00,0.16
acct_1393,0,2023-03-10 00:00:00,0.059
acct_1394,0,2024-10-14 00:00:00,0.052
acct_1395,0,2023-08-03 00:00:00,0.015
acct_1396,0,2023-12-15 00:00:00,0.178
acct_1397,0,2023-11-26 00:00:00,0.146
acct_1398,0,2026-01-25 00:00:00,0.188
acct_1399,0,2023-07-10 00:00:00,0.068
acct_1400,0,2025-09-15 00:00:00,0.141
acct_1401,0,2025-06-02 00:00:00,0.188
acct_1402,0,2023-12-04 00:00:00,0.121
acct_1403,0,2025-06-08 00:00:00,0.031
acct_1404,0,2023-07-27 00:00:00,0.066
acct_1405,0,2024-01-25 00:00:00,0.082
acct_1406,0,2026-02-08 00:00:00,0.144
acct_1407,0,2026-01-11 00:00:00,0.053
acct_1408,0,2024-07-30 00:00:00,0.059
acct_1409,0,2023-07-16 00:00:00,0.01
acct_1410,0,2026-01-30 00:00:00,0.168
acct_1411,0,2023-11-11 00:00:00,0.011
acct_1412,0,2023-01-08 00:00:00,0.086
acct_1413,0,2024-08-26 00:00:00,0.165
acct_1414,0,2025-09-10 00:00:00,0.04
acct_1415,0,2023-02-22 00:00:00,0.041
acct_1416,0,2024-08-20 00:00:00,0.195
acct_1417,0,2025-08-27 00:00:00,0.169
acct_1418,0,2024-09-23 00:00:00,0.157
acct_1419,0,2025-08-22 00:00:00,0.098
acct_1420,0,2024-06-26 00:00:00,0.018
acct_1421,0,2026-01-19 00:00:00,0.078
acct_1422,0,2025-01-29 00:00:00,0.177
acct_1423,0,2025-01-26 00:00:00,0.037
acct_1424,0,2023-04-02 00:00:00,0.053
acct_1425,0,2025-08-10 00:00:00,0.053
acct_1426,0,2024-07-04 00:00:00,0.113
acct_1427,0,2023-11-06 00:00:00,0.15
acct_1428,0,2023-07-18 00:00:00,0.017
acct_1429,0,2024-12-05 00:00:00,0.162
acct_1430,0,2025-04-27 00:00:00,0.194
acct_1431,0,2024-04-10 00:00:00,0.111
acct_1432,0,2025-03-03 00:00:00,0.164
acct_1433,0,2025-05-07 00:00:00,0.193
acct_1434,0,2025-08-30 00:00:00,0.115
acct_1435,0,2024-04-27 00:00:00,0.095
acct_1436,0,2023-06-11 00:00:00,0.079
acct_1437,0,2023-03-13 00:00:00,0.1
acct_1438,0,2025-11-24 00:00:00,0.16
acct_1439,0,2023-10-29 00:00:00,0.024
acct_1440,0,2025-07-08 00:00:00,0.035
acct_1441,0,2023-12-09 00:00:00,0.194
acct_1442,0,2024-01-30 00:00:00,0.025
acct_1443,0,2025-05-17 00:00:00,0.016
acct_1444,0,2025-06-10 00:00:00,0.04
acct_1445,0,2023-10-30 00:00:00,0.167
acct_1446,0,2024-06-12 00:00:00,0.064
acct_1447,0,2023-05-18 00:00:00,0.017
acct_1448,0,2026-02-13 00:00:00,0.079
acct_1449,0,2024-10-29 00:00:00,0.171
acct_1450,0,2025-11-30 00:00:00,0.092
acct_1451,0,2023-01-26 00:00:00,0.157
acct_1452,0,2025-12-06 00:00:00,0.156
acct_1453,0,2023-08-19 00:00:00,0.083
acct_1454,0,2023-10-31 00:00:00,0.113
acct_1455,0,2023-07-25 00:00:00,0.185
acct_1456,0,2026-02-26 00:00:00,0.156
acct_1457,0,2024-08-08 00:00:00,0.173
acct_1458,0,2024-12-05 00:00:00,0.176
acct_1459,0,2024-06-24 00:00:00,0.077
acct_1460,0,2025-09-21 00:00:00,0.114
acct_1461,0,2025-08-26 00:00:00,0.007
acct_1462,0,2024-07-18 00:00:00,0.081
acct_1463,0,2025-04-02 00:00:00,0.008
acct_1464,0,2024-11-09 00:00:00,0.138
acct_1465,0,2023-04-11 00:00:00,0.149
acct_1466,0,2024-07-04 00:00:00,0.179
acct_1467,0,2023-02-11 00:00:00,0.068
acct_1468,0,2024-09-12 00:00:00,0.062
acct_1469,0,2025-10-03 00:00:00,0.172
acct_1470,0,2023-07-21 00:00:00,0.194
acct_1471,0,2024-04-11 00:00:00,0.027
acct_1472,0,2025-06-26 00:00:00,0.155
acct_1473,0,2024-10-19 00:00:00,0.054
acct_1474,0,2025-05-03 00:00:00,0.121
acct_1475,0,2023-07-02 00:00:00,0.038
acct_1476,0,2024-03-08 00:00:00,0.183
acct_1477,0,2025-04-13 00:00:00,0.148
acct_1478,0,2025-11-23 00:00:00,0.173
acct_1479,0,2023-04-26 00:00:00,0.103
acct_1480,0,2023-11-22 00:00:00,0.013
acct_1481,0,2025-11-03 00:00:00,0.081
acct_1482,0,2025-12-09 00:00:00,0.176
acct_1483,0,2023-03-01 00:00:00,0.035
acct_1484,0,2024-02-16 00:00:00,0.167
acct_1485,0,2024-05-25 00:00:00,0.007
acct_1486,0,2023-04-14 00:00:00,0.184
acct_1487,0,2024-02-12 00:00:00,0.055
acct_1488,0,2025-08-08 00:00:00,0.101
acct_1489,0,2023-09-11 00:00:00,0.136
acct_1490,0,2024-05-10 00:00:00,0.074
acct_1491,0,2025-07-02 00:00:00,0.036
acct_1492,0,2025-08-29 00:00:00,0.117
acct_1493,0,2024-12-17 00:00:00,0.069
acct_1494,0,2024-06-13 00:00:00,0.15
acct_1495,0,2023-07-05 00:00:00,0.057
acct_1496,0,2025-03-02 00:00:00,0.01
acct_1497,0,2024-03-14 00:00:00,0.171
acct_1498,0,2024-04-06 00:00:00,0.136
acct_1499,0,2024-07-05 00:00:00,0.13
acct_1500,0,2025-11-17 00:00:00,0.004
acct_1501,0,2023-01-19 00:00:00,0.095
acct_1502,0,2023-09-28 00:00:00,0.129
acct_1503,0,2023-01-18 00:00:00,0.045
acct_1504,0,2024-09-17 00:00:00,0.143
acct_1505,0,2024-07-17 00:00:00,0.085
acct_1506,0,2025-02-10 00:00:00,0.17
acct_1507,0,2025-07-29 00:00:00,0.05
acct_1508,0,2025-08-13 00:00:00,0.06
acct_1509,0,2025-12-02 00:00:00,0.165
acct_1510,0,2025-03-24 00:00:00,0.117
acct_1511,0,2023-01-16 00:00:00,0.102
acct_1512,0,2025-02-05 00:00:00,0.112
acct_1513,0,2024-08-01 00:00:00,0.06
acct_1514,0,2023-08-10 00:00:00,0.096
acct_1515,0,2024-11-19 00:00:00,0.198
acct_1516,0,2024-10-27 00:00:00,0.172
acct_1517,0,2024-06-18 00:00:00,0.131
acct_1518,0,2024-09-03 00:00:00,0.038
acct_1519,0,2025-11-25 00:00:00,0.153
acct_1520,0,2023-04-27 00:00:00,0.161
acct_1521,0,2025-04-07 00:00:00,0.132
acct_1522,0,2023-10-14 00:00:00,0.144
acct_1523,0,2025-10-15 00:00:00,0.199
acct_1524,0,2024-06-15 00:00:00,0.181
acct_1525,0,2025-04-08 00:00:00,0.078
acct_1526,0,2023-03-14 00:00:00,0.117
acct_1527,0,2024-01-24 00:00:00,0.069
acct_1528,0,2024-03-31 00:00:00,0.137
acct_1529,0,2025-09-01 00:00:00,0.181
acct_1530,0,2025-01-04 00:00:00,0.101
acct_1531,0,2023-12-15 00:00:00,0.168
acct_1532,0,2026-02-17 00:00:00,0.036
acct_1533,0,2023-07-19 00:00:00,0.094
acct_1534,0,2024-06-13 00:00:00,0.145
acct_1535,0,2026-02-18 00:00:00,0.153
acct_1536,0,2024-01-10 00:00:00,0.189
acct_1537,0,2024-11-18 00:00:00,0.131
acct_1538,0,2024-03-31 00:00:00,0.071
acct_1539,0,2024-09-20 00:00:00,0.084
acct_1540,0,2024-11-09 00:00:00,0.074
acct_1541,0,2024-08-25 00:00:00,0.093
acct_1542,0,2023-08-30 00:00:00,0.094
acct_1543,0,2023-05-26 00:00:00,0.094
acct_1544,0,2024-02-03 00:00:00,0.1
acct_1545,0,2025-02-20 00:00:00,0.106
acct_1546,0,2025-04-26 00:00:00,0.011
acct_1547,0,2023-11-05 00:00:00,0.027
acct_1548,0,2024-02-15 00:00:00,0.069
acct_1549,0,2025-07-26 00:00:00,0.029
acct_1550,0,2024-01-05 00:00:00,0.156
acct_1551,0,2025-09-25 00:00:00,0.067
acct_1552,0,2023-12-29 00:00:00,0.063
acct_1553,0,2023-04-29 00:00:00,0.001
acct_1554,0,2024-07-14 00:00:00,0.042
acct_1555,0,2023-12-12 00:00:00,0.115
acct_1556,0,2023-11-21 00:00:00,0.098
acct_1557,0,2023-06-30 00:00:00,0.026
acct_1558,0,2025-06-07 00:00:00,0.127
acct_1559,0,2025-04-06 00:00:00,0.086
acct_1560,0,2025-09-04 00:00:00,0.077
acct_1561,0,2023-03-19 00:00:00,0.107
acct_1562,0,2025-02-03 00:00:00,0.19
acct_1563,0,2024-10-21 00:00:00,0.151
acct_1564,0,2025-12-23 00:00:00,0.038
acct_1565,0,2023-01-09 00:00:00,0.125
acct_1566,0,2024-05-24 00:00:00,0.045
acct_1567,0,2024-12-06 00:00:00,0.062
acct_1568,0,2023-07-30 00:00:00,0.077
acct_1569,0,2024-09-18 00:00:00,0.033
acct_1570,0,2023-04-04 00:00:00,0.06
acct_1571,0,2024-08-18 00:00:00,0.091
acct_1572,0,2025-12-01 00:00:00,0.119
acct_1573,0,2024-11-22 00:00:00,0.087
acct_1574,0,2023-10-02 00:00:00,0.069
acct_1575,0,2025-09-30 00:00:00,0.072
acct_1576,0,2024-01-21 00:00:00,0.033
acct_1577,0,2025-04-06 00:00:00,0.004
acct_1578,0,2024-04-04 00:00:00,0.145
acct_1579,0,2023-09-26 00:00:00,0.042
acct_1580,0,2023-02-14 00:00:00,0.118
acct_1581,0,2023-12-13 00:00:00,0.025
acct_1582,0,2023-03-18 00:00:00,0.075
acct_1583,0,2024-06-07 00:00:00,0.154
acct_1584,0,2023-04-10 00:00:00,0.119
acct_1585,0,2023-04-09 00:00:00,0.132
acct_1586,0,2023-02-10 00:00:00,0.01
acct_1587,0,2023-08-26 00:00:00,0.083
acct_1588,0,2025-02-17 00:00:00,0.025
acct_1589,0,2024-06-01 00:00:00,0.095
acct_1590,0,2023-11-10 00:00:00,0.041
acct_1591,0,2023-01-20 00:00:00,0.06
acct_1592,0,2023-07-26 00:00:00,0.132
acct_1593,0,2024-07-06 00:00:00,0.125
acct_1594,0,2023-10-08 00:00:00,0.084
acct_1595,0,2023-08-03 00:00:00,0.102
acct_1596,0,2023-08-30 00:00:00,0.057
acct_1597,0,2023-08-06 00:00:00,0.1
acct_1598,0,2024-02-14 00:00:00,0.156
acct_1599,0,2025-12-07 00:00:00,0.195
acct_1600,0,2025-01-03 00:00:00,0.141
acct_1601,0,2024-08-27 00:00:00,0.032
acct_1602,0,2026-01-27 00:00:00,0.099
acct_1603,0,2024-03-01 00:00:00,0.138
acct_1604,0,2025-09-11 00:00:00,0.066
acct_1605,0,2023-01-06 00:00:00,0.003
acct_1606,0,2023-07-02 00:00:00,0.181
acct_1607,0,2025-10-08 00:00:00,0.03
acct_1608,0,2023-07-04 00:00:00,0.156
acct_1609,0,2023-06-03 00:00:00,0.145
acct_1610,0,2023-07-27 00:00:00,0.181
acct_1611,0,2024-04-18 00:00:00,0.091
acct_1612,0,2024-08-29 00:00:00,0.053
acct_1613,0,2023-04-13 00:00:00,0.02
acct_1614,0,2023-12-24 00:00:00,0.175
acct_1615,0,2024-08-18 00:00:00,0.072
acct_1616,0,2024-10-02 00:00:00,0.085
acct_1617,0,2023-08-26 00:00:00,0.019
acct_1618,0,2023-04-04 00:00:00,0.002
acct_1619,0,2023-10-11 00:00:00,0.133
acct_1620,0,2023-12-16 00:00:00,0.066
acct_1621,0,2025-06-15 00:00:00,0.191
acct_1622,0,2024-07-03 00:00:00,0.176
acct_1623,0,2023-07-10 00:00:00,0.075
acct_1624,0,2024-12-02 00:00:00,0.037
acct_1625,0,2025-03-31 00:00:00,0.08
acct_1626,0,2025-07-23 00:00:00,0.054
acct_1627,0,2025-02-28 00:00:00,0.138
acct_1628,0,2025-09-06 00:00:00,0.16
acct_1629,0,2023-12-08 00:00:00,0.023
acct_1630,0,2023-05-01 00:00:00,0.196
acct_1631,0,2023-11-23 00:00:00,0.021
acct_1632,0,2025-09-15 00:00:00,0.16
acct_1633,0,2025-06-16 00:00:00,0.036
acct_1634,0,2025-02-16 00:00:00,0.156
acct_1635,0,2023-03-01 00:00:00,0.173
acct_1636,0,2023-09-25 00:00:00,0.097
acct_1637,0,2025-09-26 00:00:00,0.023
acct_1638,0,2025-04-22 00:00:00,0.088
acct_1639,0,2023-05-10 00:00:00,0.052
acct_1640,0,2024-10-05 00:00:00,0.002
acct_1641,0,2025-12-10 00:00:00,0.154
acct_1642,0,2024-04-03 00:00:00,0.196
acct_1643,0,2024-11-23 00:00:00,0.104
acct_1644,0,2023-07-15 00:00:00,0.087
acct_1645,0,2024-05-24 00:00:00,0.096
acct_1646,0,2025-02-27 00:00:00,0.03
acct_1647,0,2026-02-17 00:00:00,0.178
acct_1648,0,2023-04-22 00:00:00,0.002
acct_1649,0,2023-11-18 00:00:00,0.101
acct_1650,0,2025-08-19 00:00:00,0.17
acct_1651,0,2023-12-05 00:00:00,0.015
acct_1652,0,2025-10-03 00:00:00,0.064
acct_1653,0,2024-11-08 00:00:00,0.194
acct_1654,0,2023-04-14 00:00:00,0.101
acct_1655,0,2026-02-01 00:00:00,0.129
acct_1656,0,2025-04-05 00:00:00,0.163
acct_1657,0,2023-06-11 00:00:00,0.092
acct_1658,0,2025-07-06 00:00:00,0.018
acct_1659,0,2025-10-17 00:00:00,0.089
acct_1660,0,2023-09-01 00:00:00,0.196
acct_1661,0,2023-02-06 00:00:00,0.021
acct_1662,0,2025-04-24 00:00:00,0.007
acct_1663,0,2026-01-29 00:00:00,0.0
acct_1664,0,2023-07-06 00:00:00,0.158
acct_1665,0,2024-09-15 00:00:00,0.178
acct_1666,0,2026-02-25 00:00:00,0.041
acct_1667,0,2025-07-23 00:00:00,0.19
acct_1668,0,2025-01-14 00:00:00,0.165
acct_1669,0,2024-04-01 00:00:00,0.169
acct_1670,0,2024-11-10 00:00:00,0.112
acct_1671,0,2025-08-26 00:00:00,0.143
acct_1672,0,2025-01-14 00:00:00,0.143
acct_1673,0,2023-08-22 00:00:00,0.019
acct_1674,0,2024-03-30 00:00:00,0.0
acct_1675,0,2024-12-28 00:00:00,0.166
acct_1676,0,2024-08-20 00:00:00,0.11
acct_1677,0,2025-02-04 00:00:00,0.14
acct_1678,0,2023-04-04 00:00:00,0.179
acct_1679,0,2025-10-05 00:00:00,0.028
acct_1680,0,2025-04-18 00:00:00,0.021
acct_1681,0,2024-02-06 00:00:00,0.038
acct_1682,0,2025-03-15 00:00:00,0.043
acct_1683,0,2024-01-26 00:00:00,0.143
acct_1684,0,2023-08-09 00:00:00,0.151
acct_1685,0,2023-04-06 00:00:00,0.185
acct_1686,0,2023-09-10 00:00:00,0.154
acct_1687,0,2025-07-11 00:00:00,0.091
acct_1688,0,2025-10-29 00:00:00,0.027
acct_1689,0,2025-10-18 00:00:00,0.001
acct_1690,0,2023-04-10 00:00:00,0.111
acct_1691,0,2025-06-05 00:00:00,0.168
acct_1692,0,2025-09-16 00:00:00,0.185
acct_1693,0,2023-12-29 00:00:00,0.138
acct_1694,0,2023-12-22 00:00:00,0.146
acct_1695,0,2023-09-20 00:00:00,0.021
acct_1696,0,2024-10-21 00:00:00,0.101
acct_1697,0,2025-02-26 00:00:00,0.084
acct_1698,0,2024-05-23 00:00:00,0.055
acct_1699,0,2024-12-03 00:00:00,0.194
acct_1700,0,2025-07-16 00:00:00,0.161
acct_1701,0,2023-10-10 00:00:00,0.083
acct_1702,0,2025-11-15 00:00:00,0.06
acct_1703,0,2026-01-26 00:00:00,0.172
acct_1704,0,2026-02-07 00:00:00,0.127
acct_1705,0,2024-02-16 00:00:00,0.042
acct_1706,0,2024-08-18 00:00:00,0.137
acct_1707,0,2023-09-29 00:00:00,0.196
acct_1708,0,2023-12-31 00:00:00,0.101
acct_1709,0,2024-10-22 00:00:00,0.142
acct_1710,0,2024-12-22 00:00:00,0.112
acct_1711,0,2025-05-04 00:00:00,0.135
acct_1712,0,2025-12-29 00:00:00,0.057
acct_1713,0,2025-05-15 00:00:00,0.162
acct_1714,0,2025-12-06 00:00:00,0.021
acct_1715,0,2025-02-19 00:00:00,0.029
acct_1716,0,2023-04-26 00:00:00,0.04
acct_1717,0,2023-11-26 00:00:00,0.197
acct_1718,0,2024-05-28 00:00:00,0.029
acct_1719,0,2023-05-08 00:00:00,0.138
acct_1720,0,2024-08-27 00:00:00,0.041
acct_1721,0,2026-01-13 00:00:00,0.006
acct_1722,0,2025-07-15 00:00:00,0.02
acct_1723,0,2026-02-24 00:00:00,0.173
acct_1724,0,2026-02-23 00:00:00,0.078
acct_1725,0,2025-11-12 00:00:00,0.157
acct_1726,0,2024-08-12 00:00:00,0.139
acct_1727,0,2023-04-07 00:00:00,0.185
acct_1728,0,2025-03-04 00:00:00,0.083
acct_1729,0,2024-10-02 00:00:00,0.193
acct_1730,0,2023-04-21 00:00:00,0.003
acct_1731,0,2024-05-29 00:00:00,0.041
acct_1732,0,2025-06-26 00:00:00,0.166
acct_1733,0,2025-01-23 00:00:00,0.151
acct_1734,0,2026-01-24 00:00:00,0.148
acct_1735,0,2024-02-07 00:00:00,0.155
acct_1736,0,2024-02-01 00:00:00,0.059
acct_1737,0,2023-12-30 00:00:00,0.197
acct_1738,0,2023-06-02 00:00:00,0.037
acct_1739,0,2023-12-22 00:00:00,0.147
acct_1740,0,2023-09-02 00:00:00,0.075
acct_1741,0,2025-05-27 00:00:00,0.056
acct_1742,0,2024-06-25 00:00:00,0.026
acct_1743,0,2024-06-06 00:00:00,0.001
acct_1744,0,2025-08-13 00:00:00,0.142
acct_1745,0,2023-11-14 00:00:00,0.008
acct_1746,0,2024-10-22 00:00:00,0.119
acct_1747,0,2024-09-08 00:00:00,0.098
acct_1748,0,2026-01-31 00:00:00,0.072
acct_1749,0,2024-10-12 00:00:00,0.105
acct_1750,0,2024-01-12 00:00:00,0.104
acct_1751,0,2025-10-31 00:00:00,0.032
acct_1752,0,2026-01-17 00:00:00,0.107
acct_1753,0,2023-07-08 00:00:00,0.07
acct_1754,0,2024-03-12 00:00:00,0.133
acct_1755,0,2024-11-09 00:00:00,0.072
acct_1756,0,2024-03-23 00:00:00,0.19
acct_1757,0,2025-12-22 00:00:00,0.095
acct_1758,0,2026-02-23 00:00:00,0.165
acct_1759,0,2023-01-19 00:00:00,0.023
acct_1760,0,2024-12-09 00:00:00,0.089
acct_1761,0,2024-05-14 00:00:00,0.192
acct_1762,0,2024-10-19 00:00:00,0.076
acct_1763,0,2023-08-21 00:00:00,0.077
acct_1764,0,2026-01-11 00:00:00,0.145
acct_1765,0,2023-02-20 00:00:00,0.182
acct_1766,0,2025-02-06 00:00:00,0.103
acct_1767,0,2025-11-07 00:00:00,0.089
acct_1768,0,2023-03-31 00:00:00,0.059
acct_1769,0,2024-01-30 00:00:00,0.064
acct_1770,0,2023-06-18 00:00:00,0.19
acct_1771,0,2023-12-09 00:00:00,0.194
acct_1772,0,2026-01-06 00:00:00,0.107
acct_1773,0,2023-05-15 00:00:00,0.042
acct_1774,0,2024-03-12 00:00:00,0.173
acct_1775,0,2025-05-18 00:00:00,0.167
acct_1776,0,2024-02-26 00:00:00,0.108
acct_1777,0,2025-06-10 00:00:00,0.129
acct_1778,0,2023-05-28 00:00:00,0.149
acct_1779,0,2023-11-11 00:00:00,0.005
acct_1780,0,2024-11-10 00:00:00,0.008
acct_1781,0,2023-05-31 00:00:00,0.011
acct_1782,0,2024-05-30 00:00:00,0.112
acct_1783,0,2024-04-11 00:00:00,0.182
acct_1784,0,2025-04-14 00:00:00,0.078
acct_1785,0,2025-04-08 00:00:00,0.087
acct_1786,0,2023-02-04 00:00:00,0.078
acct_1787,0,2023-08-31 00:00:00,0.107
acct_1788,0,2023-05-10 00:00:00,0.151
acct_1789,0,2023-04-04 00:00:00,0.14
acct_1790,0,2023-05-29 00:00:00,0.072
acct_1791,0,2025-10-26 00:00:00,0.021
acct_1792,0,2024-09-09 00:00:00,0.121
acct_1793,0,2024-07-30 00:00:00,0.153
acct_1794,0,2025-06-15 00:00:00,0.076
acct_1795,0,2023-03-05 00:00:00,0.095
acct_1796,0,2025-12-28 00:00:00,0.044
acct_1797,0,2025-03-11 00:00:00,0.159
acct_1798,0,2026-01-22 00:00:00,0.059
acct_1799,0,2023-10-23 00:00:00,0.06
acct_1800,0,2025-02-03 00:00:00,0.191
acct_1801,0,2023-01-23 00:00:00,0.111
acct_1802,0,2026-02-10 00:00:00,0.028
acct_1803,0,2023-03-27 00:00:00,0.001
acct_1804,0,2025-03-18 00:00:00,0.107
acct_1805,0,2023-06-24 00:00:00,0.061
acct_1806,0,2024-12-05 00:00:00,0.042
acct_1807,0,2025-11-15 00:00:00,0.028
acct_1808,0,2024-01-12 00:00:00,0.044
acct_1809,0,2024-06-01 00:00:00,0.039
acct_1810,0,2024-01-07 00:00:00,0.134
acct_1811,0,2023-04-22 00:00:00,0.17
acct_1812,0,2026-01-29 00:00:00,0.092
acct_1813,0,2026-01-30 00:00:00,0.015
acct_1814,0,2023-05-18 00:00:00,0.05
acct_1815,0,2024-02-09 00:00:00,0.145
acct_1816,0,2025-09-24 00:00:00,0.19
acct_1817,0,2025-01-01 00:00:00,0.026
acct_1818,0,2024-04-25 00:00:00,0.02
acct_1819,0,2023-05-23 00:00:00,0.18
acct_1820,0,2024-10-12 00:00:00,0.097
acct_1821,0,2024-11-03 00:00:00,0.123
acct_1822,0,2024-09-18 00:00:00,0.139
acct_1823,0,2023-11-09 00:00:00,0.113
acct_1824,0,2025-01-16 00:00:00,0.162
acct_1825,0,2025-05-27 00:00:00,0.034
acct_1826,0,2024-10-03 00:00:00,0.049
acct_1827,0,2024-03-29 00:00:00,0.142
acct_1828,0,2025-06-12 00:00:00,0.055
acct_1829,0,2025-01-06 00:00:00,0.027
acct_1830,0,2024-11-10 00:00:00,0.176
acct_1831,0,2025-08-05 00:00:00,0.089
acct_1832,0,2024-09-17 00:00:00,0.097
acct_1833,0,2023-08-11 00:00:00,0.035
acct_1834,0,2023-06-17 00:00:00,0.168
acct_1835,0,2023-10-14 00:00:00,0.178
acct_1836,0,2024-02-07 00:00:00,0.053
acct_1837,0,2023-06-06 00:00:00,0.145
acct_1838,0,2023-02-08 00:00:00,0.17
acct_1839,0,2023-03-05 00:00:00,0.163
acct_1840,0,2025-04-09 00:00:00,0.154
acct_1841,0,2024-03-11 00:00:00,0.181
acct_1842,0,2026-02-03 00:00:00,0.052
acct_1843,0,2026-01-10 00:00:00,0.094
acct_1844,0,2023-11-01 00:00:00,0.073
acct_1845,0,2024-04-02 00:00:00,0.178
acct_1846,0,2024-08-18 00:00:00,0.027
acct_1847,0,2025-10-23 00:00:00,0.102
acct_1848,0,2025-03-23 00:00:00,0.073
acct_1849,0,2023-01-22 00:00:00,0.133
acct_1850,0,2023-12-06 00:00:00,0.151
acct_1851,0,2023-10-15 00:00:00,0.089
acct_1852,0,2024-01-02 00:00:00,0.113
acct_1853,0,2023-10-27 00:00:00,0.147
acct_1854,0,2025-09-17 00:00:00,0.188
acct_1855,0,2023-03-24 00:00:00,0.044
acct_1856,0,2025-09-25 00:00:00,0.046
acct_1857,0,2024-06-25 00:00:00,0.074
acct_1858,0,2023-03-29 00:00:00,0.134
acct_1859,0,2025-11-26 00:00:00,0.182
acct_1860,0,2025-01-09 00:00:00,0.078
acct_1861,0,2025-07-20 00:00:00,0.176
acct_1862,0,2023-03-23 00:00:00,0.196
acct_1863,0,2024-10-25 00:00:00,0.021
acct_1864,0,2025-12-03 00:00:00,0.127
acct_1865,0,2024-07-14 00:00:00,0.167
acct_1866,0,2024-06-23 00:00:00,0.116
acct_1867,0,2023-12-23 00:00:00,0.075
acct_1868,0,2025-02-14 00:00:00,0.073
acct_1869,0,2023-06-09 00:00:00,0.103
acct_1870,0,2025-02-09 00:00:00,0.195
acct_1871,0,2024-04-01 00:00:00,0.103
acct_1872,0,2024-12-23 00:00:00,0.163
acct_1873,0,2024-12-07 00:00:00,0.097
acct_1874,0,2025-09-14 00:00:00,0.177
acct_1875,0,2023-01-14 00:00:00,0.1
acct_1876,0,2023-10-12 00:00:00,0.088
acct_1877,0,2024-04-16 00:00:00,0.015
acct_1878,0,2024-07-29 00:00:00,0.042
acct_1879,0,2024-01-18 00:00:00,0.031
acct_1880,0,2023-08-31 00:00:00,0.132
acct_1881,0,2025-04-29 00:00:00,0.162
acct_1882,0,2023-08-21 00:00:00,0.096
acct_1883,0,2025-09-07 00:00:00,0.096
acct_1884,0,2023-11-27 00:00:00,0.129
acct_1885,0,2025-04-21 00:00:00,0.004
acct_1886,0,2023-03-30 00:00:00,0.026
acct_1887,0,2023-11-26 00:00:00,0.027
acct_1888,0,2025-11-15 00:00:00,0.008
acct_1889,0,2023-10-28 00:00:00,0.011
acct_1890,0,2024-06-12 00:00:00,0.184
acct_1891,0,2025-11-24 00:00:00,0.192
acct_1892,0,2026-02-28 00:00:00,0.128
acct_1893,0,2024-08-03 00:00:00,0.189
acct_1894,0,2024-03-19 00:00:00,0.09
acct_1895,0,2025-08-23 00:00:00,0.173
acct_1896,0,2023-12-16 00:00:00,0.044
acct_1897,0,2025-04-21 00:00:00,0.12
acct_1898,0,2024-01-08 00:00:00,0.125
acct_1899,0,2025-11-12 00:00:00,0.053
acct_1900,0,2024-12-02 00:00:00,0.184
acct_1901,0,2023-05-21 00:00:00,0.046
acct_1902,0,2025-02-28 00:00:00,0.026
acct_1903,0,2023-02-03 00:00:00,0.04
acct_1904,0,2025-10-29 00:00:00,0.137
acct_1905,0,2023-11-03 00:00:00,0.121
acct_1906,0,2023-12-30 00:00:00,0.095
acct_1907,0,2023-03-21 00:00:00,0.176
acct_1908,0,2025-12-24 00:00:00,0.101
acct_1909,0,2023-08-29 00:00:00,0.019
acct_1910,0,2023-09-24 00:00:00,0.18
acct_1911,0,2026-01-09 00:00:00,0.166
acct_1912,0,2025-06-02 00:00:00,0.104
acct_1913,0,2025-01-28 00:00:00,0.175
acct_1914,0,2025-12-21 00:00:00,0.086
acct_1915,0,2025-09-14 00:00:00,0.158
acct_1916,0,2025-02-19 00:00:00,0.07
acct_1917,0,2023-07-20 00:00:00,0.085
acct_1918,0,2024-06-05 00:00:00,0.095
acct_1919,0,2024-04-21 00:00:00,0.182
acct_1920,0,2023-06-21 00:00:00,0.057
acct_1921,0,2026-01-18 00:00:00,0.082
acct_1922,0,2024-01-23 00:00:00,0.001
acct_1923,0,2023-01-15 00:00:00,0.116
acct_1924,0,2023-08-30 00:00:00,0.104
acct_1925,0,2025-02-07 00:00:00,0.131
acct_1926,0,2024-10-08 00:00:00,0.082
acct_1927,0,2023-08-07 00:00:00,0.031
acct_1928,0,2024-06-03 00:00:00,0.052
acct_1929,0,2026-01-02 00:00:00,0.085
acct_1930,0,2025-01-18 00:00:00,0.122
acct_1931,0,2025-03-24 00:00:00,0.151
acct_1932,0,2025-04-26 00:00:00,0.11
acct_1933,0,2026-02-15 00:00:00,0.096
acct_1934,0,2025-01-28 00:00:00,0.112
acct_1935,0,2025-09-17 00:00:00,0.051
acct_1936,0,2024-09-20 00:00:00,0.116
acct_1937,0,2025-03-26 00:00:00,0.147
acct_1938,0,2023-09-01 00:00:00,0.15
acct_1939,0,2025-07-03 00:00:00,0.157
acct_1940,0,2023-11-28 00:00:00,0.02
acct_1941,0,2025-11-07 00:00:00,0.08
acct_1942,0,2024-11-24 00:00:00,0.16
acct_1943,0,2023-04-17 00:00:00,0.032
acct_1944,0,2023-01-11 00:00:00,0.161
acct_1945,0,2023-10-25 00:00:00,0.094
acct_1946,0,2025-06-10 00:00:00,0.018
acct_1947,0,2024-06-22 00:00:00,0.044
acct_1948,0,2023-06-13 00:00:00,0.122
acct_1949,0,2025-02-26 00:00:00,0.186
acct_1950,0,2025-03-31 00:00:00,0.123
acct_1951,0,2025-12-03 00:00:00,0.057
acct_1952,0,2023-04-28 00:00:00,0.189
acct_1953,0,2023-12-25 00:00:00,0.128
acct_1954,0,2025-06-18 00:00:00,0.002
acct_1955,0,2025-11-27 00:00:00,0.057
acct_1956,0,2023-03-10 00:00:00,0.157
acct_1957,0,2025-11-11 00:00:00,0.103
acct_1958,0,2024-04-19 00:00:00,0.123
acct_1959,0,2023-03-15 00:00:00,0.072
acct_1960,0,2023-01-01 00:00:00,0.195
acct_1961,0,2023-06-27 00:00:00,0.199
acct_1962,0,2025-03-29 00:00:00,0.071
acct_1963,0,2025-03-20 00:00:00,0.081
acct_1964,0,2024-02-15 00:00:00,0.104
acct_1965,0,2023-05-21 00:00:00,0.184
acct_1966,0,2026-01-30 00:00:00,0.057
acct_1967,0,2026-02-19 00:00:00,0.183
acct_1968,0,2024-12-13 00:00:00,0.069
acct_1969,0,2024-07-20 00:00:00,0.045
acct_1970,0,2024-02-03 00:00:00,0.091
acct_1971,0,2025-04-07 00:00:00,0.115
acct_1972,0,2024-06-18 00:00:00,0.035
acct_1973,0,2025-11-02 00:00:00,0.021
acct_1974,0,2023-05-29 00:00:00,0.101
acct_1975,0,2024-11-27 00:00:00,0.189
acct_1976,0,2025-11-17 00:00:00,0.191
acct_1977,0,2026-01-06 00:00:00,0.163
acct_1978,0,2024-05-27 00:00:00,0.139
acct_1979,0,2025-02-11 00:00:00,0.113
acct_1980,0,2024-05-13 00:00:00,0.151
acct_1981,0,2025-07-28 00:00:00,0.136
acct_1982,0,2023-02-26 00:00:00,0.096
acct_1983,0,2024-06-12 00:00:00,0.014
acct_1984,0,2024-03-27 00:00:00,0.135
acct_1985,0,2024-04-15 00:00:00,0.16
acct_1986,0,2025-04-24 00:00:00,0.191
acct_1987,0,2025-11-23 00:00:00,0.107
acct_1988,0,2024-06-23 00:00:00,0.05
acct_1989,0,2023-07-10 00:00:00,0.08
acct_1990,0,2024-12-01 00:00:00,0.015
acct_1991,0,2024-01-01 00:00:00,0.095
acct_1992,0,2024-12-25 00:00:00,0.044
acct_1993,0,2024-07-05 00:00:00,0.037
acct_1994,0,2024-01-25 00:00:00,0.1
acct_1995,0,2024-02-13 00:00:00,0.047
acct_1996,0,2024-05-10 00:00:00,0.175
acct_1997,0,2024-02-28 00:00:00,0.046
acct_1998,0,2024-05-26 00:00:00,0.167
acct_1999,0,2024-12-30 00:00:00,0.031
