acct_0000,+917261810763
acct_0001,+917261810763
acct_0002,+917261810763
acct_0003,+917261810763
acct_0004,+917261810763
acct_0005,+917261810763
acct_0006,+917261810763
acct_0007,+917261810763
acct_0008,+917687117441
acct_0009,+917687117441
acct_0010,+917687117441
acct_0011,+917687117441
acct_0012,+917687117441
acct_0013,+917687117441
acct_0014,+917687117441
acct_0015,+917687117441
acct_0016,+917687117441
acct_0017,+917687117441
acct_0018,+917599310825
acct_0019,+917599310825
acct_0020,+917599310825
acct_0021,+917599310825
acct_0022,+917599310825
acct_0023,+917599310825
acct_0024,+919316259067
acct_0025,+918836901321
acct_0026,+917398340369
acct_0027,+919834820954
acct_0028,+918929338154
acct_0029,+918288477634
acct_0030,+917613628803
acct_0031,+919627135980
acct_0032,+919379074819
acct_0033,+917514909066
acct_0034,+918813163240
acct_0035,+918064746525
acct_0036,+919098545541
acct_0037,+919935814872
acct_0038,+919187880715
acct_0039,+919315992115
acct_0040,+917906164396
acct_0041,+918676848676
acct_0042,+918149938334
acct_0043,+917709214891
acct_0044,+919927923735
acct_0045,+918748309234
acct_0046,+918015242176
acct_0047,+917854316681
acct_0048,+919510777721
acct_0049,+919878380452
acct_0050,+917469306919
acct_0051,+918643004186
acct_0052,+918072910527
acct_0053,+918057486868
acct_0054,+917767303988
acct_0055,+917030884438
acct_0056,+917943239974
acct_0057,+919314889832
acct_0058,+918632629719
acct_0059,+917983753977
acct_0060,+918716605598
acct_0061,+917957449367
acct_0062,+917251183830
acct_0063,+919699987374
acct_0064,+918135872495
acct_0065,+918169726681
acct_0066,+918196050747
acct_0067,+918193887545
acct_0068,+917663801533
acct_0069,+919479708607
acct_0070,+917551437149
acct_0071,+917441495235
acct_0072,+917679282378
acct_0073,+917495389030
acct_0074,+917179653598
acct_0075,+917134917627
acct_0076,+917663801533
acct_0077,+918525876051
acct_0078,+918800557283
acct_0079,+919748778024
acct_0080,+918028439863
acct_0081,+917693989311
acct_0082,+918632629719
acct_0083,+917822873088
acct_0084,+917918037633
acct_0085,+917816941039
acct_0086,+918016779084
acct_0087,+918812140441
acct_0088,+917400560567
acct_0089,+918133802214
acct_0090,+917495762348
acct_0091,+918346922426
acct_0092,+918310784794
acct_0093,+918022222125
acct_0094,+918351531223
acct_0095,+919159725924
acct_0096,+919667858669
acct_0097,+917289482182
acct_0098,+917874443787
acct_0099,+919892078691
acct_0100,+918310784794
acct_0101,+918358798143
acct_0102,+917709214891
acct_0103,+919084839399
acct_0104,+917294296873
acct_0105,+917602078388
acct_0106,+917899825838
acct_0107,+917260329455
acct_0108,+918566942273
acct_0109,+919328710672
acct_0110,+918145921803
acct_0111,+919748778024
acct_0112,+919562254028
acct_0113,+917920140090
acct_0114,+918963764597
acct_0115,+919452611418
acct_0116,+918274350418
acct_0117,+919170715377
acct_0118,+919562254028
acct_0119,+919884887548
acct_0120,+917640183291
acct_0121,+918159417075
acct_0122,+919744267175
acct_0123,+918145921803
acct_0124,+917602078388
acct_0125,+919067418686
acct_0126,+918051802512
acct_0127,+917311570307
acct_0128,+919159725924
acct_0129,+919452611418
acct_0130,+917441495235
acct_0131,+917698594025
acct_0132,+917770348179
acct_0133,+917599707677
acct_0134,+918819256337
acct_0135,+919436779490
acct_0136,+918121910732
acct_0137,+918067970820
acct_0138,+919328710672
acct_0139,+917134917627
acct_0140,+919170484433
acct_0141,+918627677155
acct_0142,+917415393687
acct_0143,+918639042338
acct_0144,+917367878761
acct_0145,+917396418889
acct_0146,+919387006772
acct_0147,+917913224047
acct_0148,+919294113287
acct_0149,+917568275055
acct_0150,+917957449367
acct_0151,+917857158768
acct_0152,+919724230947
acct_0153,+918605947756
acct_0154,+917480494664
acct_0155,+919098545541
acct_0156,+917215359682
acct_0157,+918477278577
acct_0158,+917390452952
acct_0159,+919616197747
acct_0160,+917709214891
acct_0161,+917416314667
acct_0162,+917698594025
acct_0163,+917667779376
acct_0164,+918813163240
acct_0165,+919474810179
acct_0166,+919303029031
acct_0167,+917244295904
acct_0168,+918010193046
acct_0169,+917170689150
acct_0170,+917697939765
acct_0171,+917405126228
acct_0172,+917693847829
acct_0173,+917298737106
acct_0174,+917977515194
acct_0175,+919315992115
acct_0176,+917244295904
acct_0177,+919487560384
acct_0178,+918521696479
acct_0179,+918866437132
acct_0180,+917656439677
acct_0181,+919772404776
acct_0182,+918632629719
acct_0183,+918181241943
acct_0184,+919222971316
acct_0185,+919506254832
acct_0186,+919309122187
acct_0187,+919510777721
acct_0188,+918536778950
acct_0189,+917137869475
acct_0190,+918929338154
acct_0191,+919370996465
acct_0192,+918748309234
acct_0193,+918281810600
acct_0194,+918059257080
acct_0195,+919315992115
acct_0196,+917304330003
acct_0197,+917939042955
acct_0198,+917304330003
acct_0199,+917164313410
acct_0200,+917440213415
acct_0201,+918768294570
acct_0202,+917920140090
acct_0203,+918715412119
acct_0204,+918716605598
acct_0205,+919030106617
acct_0206,+918196050747
acct_0207,+917311570307
acct_0208,+917770348179
acct_0209,+919724031273
acct_0210,+917760434128
acct_0211,+918629748727
acct_0212,+919506254832
acct_0213,+917083651970
acct_0214,+917002456273
acct_0215,+917215359682
acct_0216,+918631775357
acct_0217,+919772404776
acct_0218,+919306270004
acct_0219,+919927923735
acct_0220,+919791205006
acct_0221,+918260573448
acct_0222,+917465585404
acct_0223,+917245522987
acct_0224,+919616197747
acct_0225,+919694860228
acct_0226,+917002456273
acct_0227,+919840104345
acct_0228,+917107420369
acct_0229,+917295456419
acct_0230,+917679282378
acct_0231,+917186618211
acct_0232,+917613628803
acct_0233,+917416314667
acct_0234,+917909666337
acct_0235,+919376087131
acct_0236,+918498981529
acct_0237,+919730243887
acct_0238,+918071722055
acct_0239,+918881625505
acct_0240,+917323169889
acct_0241,+917400560567
acct_0242,+919446737272
acct_0243,+918135872495
acct_0244,+917988335251
acct_0245,+917422701550
acct_0246,+918589915144
acct_0247,+918028439863
acct_0248,+917137869475
acct_0249,+917441495235
acct_0250,+917083651970
acct_0251,+919316615266
acct_0252,+917480494664
acct_0253,+919208283728
acct_0254,+918392239675
acct_0255,+917127978094
acct_0256,+917679282378
acct_0257,+918699887270
acct_0258,+918285821930
acct_0259,+917298737106
acct_0260,+918472659626
acct_0261,+919506853388
acct_0262,+919616197747
acct_0263,+917693989311
acct_0264,+917701808367
acct_0265,+918501771491
acct_0266,+917965067727
acct_0267,+919656522106
acct_0268,+917415393687
acct_0269,+917599707677
acct_0270,+919427631155
acct_0271,+918817363615
acct_0272,+918866437132
acct_0273,+919010258946
acct_0274,+919775320897
acct_0275,+919119634399
acct_0276,+917677517496
acct_0277,+918146660997
acct_0278,+917495762348
acct_0279,+919277851678
acct_0280,+919665720874
acct_0281,+919170484433
acct_0282,+918632629719
acct_0283,+919245334677
acct_0284,+919530876844
acct_0285,+917127978094
acct_0286,+918135872495
acct_0287,+919530876844
acct_0288,+919479708607
acct_0289,+919085812759
acct_0290,+917540137296
acct_0291,+918605947756
acct_0292,+917164313410
acct_0293,+919340505846
acct_0294,+918973214822
acct_0295,+917514909066
acct_0296,+919119634399
acct_0297,+918536778950
acct_0298,+918409874348
acct_0299,+918525876051
acct_0300,+917171347175
acct_0301,+919369449369
acct_0302,+919479708607
acct_0303,+918748309234
acct_0304,+917127978094
acct_0305,+918472659626
acct_0306,+917815605132
acct_0307,+918198832728
acct_0308,+917352116052
acct_0309,+919180395476
acct_0310,+918629748727
acct_0311,+917297265480
acct_0312,+917248786714
acct_0313,+918699887270
acct_0314,+919929454134
acct_0315,+917957449367
acct_0316,+917171347175
acct_0317,+919929454134
acct_0318,+919404681399
acct_0319,+917519709079
acct_0320,+917676168421
acct_0321,+917251837136
acct_0322,+917429416213
acct_0323,+919694860228
acct_0324,+918881625505
acct_0325,+918310784794
acct_0326,+918801823908
acct_0327,+917701808367
acct_0328,+917429416213
acct_0329,+917090341465
acct_0330,+919884873529
acct_0331,+917367878761
acct_0332,+918968321319
acct_0333,+917027911967
acct_0334,+917935018220
acct_0335,+918817363615
acct_0336,+919005855667
acct_0337,+919694860228
acct_0338,+918819256337
acct_0339,+918131247330
acct_0340,+918929338154
acct_0341,+917920140090
acct_0342,+918558990517
acct_0343,+917186618211
acct_0344,+917714300770
acct_0345,+917594130308
acct_0346,+918816803306
acct_0347,+919208283728
acct_0348,+917164313410
acct_0349,+918536778950
acct_0350,+919363629219
acct_0351,+917373399426
acct_0352,+917416314667
acct_0353,+917323169889
acct_0354,+917664847319
acct_0355,+917186618211
acct_0356,+919834820954
acct_0357,+919084839399
acct_0358,+918067970820
acct_0359,+917422701550
acct_0360,+917561866144
acct_0361,+919906402157
acct_0362,+917415393687
acct_0363,+919815087637
acct_0364,+919342331444
acct_0365,+917701808367
acct_0366,+918477278577
acct_0367,+919772404776
acct_0368,+917240251661
acct_0369,+917825873196
acct_0370,+918139038460
acct_0371,+917676168421
acct_0372,+918748309234
acct_0373,+917707111048
acct_0374,+917252860896
acct_0375,+919527331058
acct_0376,+918139027119
acct_0377,+918079815404
acct_0378,+917935018220
acct_0379,+919340505846
acct_0380,+919409076656
acct_0381,+917196814233
acct_0382,+918813163240
acct_0383,+917957449367
acct_0384,+919410529190
acct_0385,+917166320906
acct_0386,+918010193046
acct_0387,+917459716009
acct_0388,+918541804686
acct_0389,+917519709079
acct_0390,+918508161137
acct_0391,+918508161137
acct_0392,+919379074819
acct_0393,+918145921803
acct_0394,+918519038154
acct_0395,+919487560384
acct_0396,+917760434128
acct_0397,+917656439677
acct_0398,+917217275224
acct_0399,+918770791023
acct_0400,+917656448479
acct_0401,+919752909971
acct_0402,+917429416213
acct_0403,+917469306919
acct_0404,+917536124280
acct_0405,+917760434128
acct_0406,+918225136114
acct_0407,+917698594025
acct_0408,+919884887548
acct_0409,+918508161137
acct_0410,+917367878761
acct_0411,+918867302554
acct_0412,+918566942273
acct_0413,+919840104345
acct_0414,+919877229210
acct_0415,+917344076115
acct_0416,+917396418889
acct_0417,+918224011538
acct_0418,+917676168421
acct_0419,+918422277848
acct_0420,+918768294570
acct_0421,+919952777682
acct_0422,+918225136114
acct_0423,+917988335251
acct_0424,+919479708607
acct_0425,+919392080953
acct_0426,+917261810763
acct_0427,+918138409539
acct_0428,+917656448479
acct_0429,+919868450609
acct_0430,+917127978094
acct_0431,+917576775951
acct_0432,+918472659626
acct_0433,+919918508077
acct_0434,+917829486135
acct_0435,+918079815404
acct_0436,+919592983555
acct_0437,+917118543408
acct_0438,+919660223333
acct_0439,+917251183830
acct_0440,+918631775357
acct_0441,+919427631155
acct_0442,+917978815630
acct_0443,+917877286584
acct_0444,+918140169349
acct_0445,+918897669065
acct_0446,+919427631155
acct_0447,+917656448479
acct_0448,+917261810763
acct_0449,+919555656321
acct_0450,+919873237671
acct_0451,+918976987348
acct_0452,+917189351213
acct_0453,+917857158768
acct_0454,+917127978094
acct_0455,+917568275055
acct_0456,+918210133979
acct_0457,+919562254028
acct_0458,+918976987348
acct_0459,+917946785248
acct_0460,+918196050747
acct_0461,+918729245242
acct_0462,+919387006772
acct_0463,+917798112150
acct_0464,+917027911967
acct_0465,+917697939765
acct_0466,+917164313410
acct_0467,+919892078691
acct_0468,+919952777682
acct_0469,+917664847319
acct_0470,+919370996465
acct_0471,+919047791082
acct_0472,+917943239974
acct_0473,+918320763135
acct_0474,+917491995979
acct_0475,+918722989659
acct_0476,+917941975480
acct_0477,+917373399426
acct_0478,+918409874348
acct_0479,+917170689150
acct_0480,+919098228320
acct_0481,+918501771491
acct_0482,+918133802214
acct_0483,+917441495235
acct_0484,+919294113287
acct_0485,+919418039268
acct_0486,+917798112150
acct_0487,+918536778950
acct_0488,+919783290795
acct_0489,+917304912982
acct_0490,+919084839399
acct_0491,+917030884438
acct_0492,+918065870178
acct_0493,+917957449367
acct_0494,+919585650756
acct_0495,+917240251661
acct_0496,+919369449369
acct_0497,+919446737272
acct_0498,+918128466620
acct_0499,+917913224047
acct_0500,+918867302554
acct_0501,+917965067727
acct_0502,+919952777682
acct_0503,+917676168421
acct_0504,+919067418686
acct_0505,+918159417075
acct_0506,+917166320906
acct_0507,+918194819984
acct_0508,+919656522106
acct_0509,+919864457210
acct_0510,+919005855667
acct_0511,+919180395476
acct_0512,+919900015820
acct_0513,+919877229210
acct_0514,+918288477634
acct_0515,+919927923735
acct_0516,+917576775951
acct_0517,+917232663462
acct_0518,+918022222125
acct_0519,+917909666337
acct_0520,+919506853388
acct_0521,+919315992115
acct_0522,+919306270004
acct_0523,+918146660997
acct_0524,+918699226064
acct_0525,+918699887270
acct_0526,+917667643690
acct_0527,+919906402157
acct_0528,+917118543408
acct_0529,+918881625505
acct_0530,+918711398352
acct_0531,+919685643886
acct_0532,+917304330003
acct_0533,+917697939765
acct_0534,+919119634399
acct_0535,+918629748727
acct_0536,+919833608204
acct_0537,+917373399426
acct_0538,+917215359682
acct_0539,+918146005448
acct_0540,+918310784794
acct_0541,+918010193046
acct_0542,+918986972437
acct_0543,+917469306919
acct_0544,+919864457210
acct_0545,+918136108454
acct_0546,+917398340369
acct_0547,+918159417075
acct_0548,+918716605598
acct_0549,+917444900634
acct_0550,+918146660997
acct_0551,+918015242176
acct_0552,+917599310825
acct_0553,+919555656321
acct_0554,+919361388464
acct_0555,+917344076115
acct_0556,+917999270936
acct_0557,+919694860228
acct_0558,+919376077463
acct_0559,+919404681399
acct_0560,+918954246074
acct_0561,+917344076115
acct_0562,+918181241943
acct_0563,+918169726681
acct_0564,+917311570307
acct_0565,+917983297492
acct_0566,+917015228622
acct_0567,+918541804686
acct_0568,+919510777721
acct_0569,+918813163240
acct_0570,+919815087637
acct_0571,+918274350418
acct_0572,+917540137296
acct_0573,+919864457210
acct_0574,+919272528809
acct_0575,+917798112150
acct_0576,+918119980130
acct_0577,+918452066459
acct_0578,+919404681399
acct_0579,+918051454923
acct_0580,+917701808367
acct_0581,+917495762348
acct_0582,+918136108454
acct_0583,+917540137296
acct_0584,+917825873196
acct_0585,+917338258951
acct_0586,+917685731524
acct_0587,+919660223333
acct_0588,+917547374338
acct_0589,+919808806886
acct_0590,+918639042338
acct_0591,+917636057975
acct_0592,+918323959527
acct_0593,+919266341635
acct_0594,+918498981529
acct_0595,+919929454134
acct_0596,+918947382419
acct_0597,+918224011538
acct_0598,+919287955558
acct_0599,+917298737106
acct_0600,+917909666337
acct_0601,+917244295904
acct_0602,+917405126228
acct_0603,+919031403296
acct_0604,+918338811290
acct_0605,+917429416213
acct_0606,+918536778950
acct_0607,+917251837136
acct_0608,+917470939445
acct_0609,+919752909971
acct_0610,+918461042543
acct_0611,+917707111048
acct_0612,+918840109255
acct_0613,+917118543408
acct_0614,+917342703921
acct_0615,+918508161137
acct_0616,+917667779376
acct_0617,+919486438403
acct_0618,+917766942939
acct_0619,+919656522106
acct_0620,+918071722055
acct_0621,+917164313410
acct_0622,+917816941039
acct_0623,+917272849424
acct_0624,+919955633092
acct_0625,+918025148381
acct_0626,+918224011538
acct_0627,+919392080953
acct_0628,+918867302554
acct_0629,+917295456419
acct_0630,+918299301222
acct_0631,+917260329455
acct_0632,+917166320906
acct_0633,+918349409434
acct_0634,+918445662585
acct_0635,+918851350739
acct_0636,+917491995979
acct_0637,+919605301030
acct_0638,+917106456634
acct_0639,+917107420369
acct_0640,+917416314667
acct_0641,+919021598245
acct_0642,+917297265480
acct_0643,+919730243887
acct_0644,+919376087131
acct_0645,+918800557283
acct_0646,+917420514789
acct_0647,+917118543408
acct_0648,+918765670844
acct_0649,+918452066459
acct_0650,+917444900634
acct_0651,+917495762348
acct_0652,+917568275055
acct_0653,+919411057787
acct_0654,+917274989148
acct_0655,+917551437149
acct_0656,+917274989148
acct_0657,+919656522106
acct_0658,+917113971123
acct_0659,+919272528809
acct_0660,+918034535593
acct_0661,+919376077463
acct_0662,+918734202799
acct_0663,+917999829240
acct_0664,+917977515194
acct_0665,+918811967841
acct_0666,+919418039268
acct_0667,+918461364854
acct_0668,+917491995979
acct_0669,+919333103372
acct_0670,+919527331058
acct_0671,+917306671447
acct_0672,+918419179580
acct_0673,+918137651678
acct_0674,+917294296873
acct_0675,+918811967841
acct_0676,+919755143093
acct_0677,+919369449369
acct_0678,+918196342297
acct_0679,+918970753705
acct_0680,+917338258951
acct_0681,+918392783743
acct_0682,+919727210979
acct_0683,+917667779376
acct_0684,+918947382419
acct_0685,+919041322270
acct_0686,+917433797840
acct_0687,+917118543408
acct_0688,+919030106617
acct_0689,+917323775634
acct_0690,+917338444264
acct_0691,+918812140441
acct_0692,+917599707677
acct_0693,+917338444264
acct_0694,+918426725702
acct_0695,+918926780541
acct_0696,+919404681399
acct_0697,+918536778950
acct_0698,+918138409539
acct_0699,+917342703921
acct_0700,+918043665192
acct_0701,+917420514789
acct_0702,+917009257255
acct_0703,+917248786714
acct_0704,+917063384488
acct_0705,+917698594025
acct_0706,+917540137296
acct_0707,+917924765563
acct_0708,+917438989805
acct_0709,+919271782991
acct_0710,+919656522106
acct_0711,+919005855667
acct_0712,+918765670844
acct_0713,+918067970820
acct_0714,+919266341635
acct_0715,+919474810179
acct_0716,+917137869475
acct_0717,+918079815404
acct_0718,+919842715617
acct_0719,+917798112150
acct_0720,+917854001193
acct_0721,+917118543408
acct_0722,+918713658874
acct_0723,+919474810179
acct_0724,+917398340369
acct_0725,+917459716009
acct_0726,+917491995979
acct_0727,+919085812759
acct_0728,+918973214822
acct_0729,+917707111048
acct_0730,+917568275055
acct_0731,+917817804383
acct_0732,+917945826486
acct_0733,+917983297492
acct_0734,+918963764597
acct_0735,+919287955558
acct_0736,+917709214891
acct_0737,+919955633092
acct_0738,+917767303988
acct_0739,+918903232052
acct_0740,+917939042955
acct_0741,+918071722055
acct_0742,+918566942273
acct_0743,+917822873088
acct_0744,+918426725702
acct_0745,+918043665192
acct_0746,+918015242176
acct_0747,+917440213415
acct_0748,+917469306919
acct_0749,+919303082117
acct_0750,+918169726681
acct_0751,+919918508077
acct_0752,+917561866144
acct_0753,+918734202799
acct_0754,+917304330003
acct_0755,+919833608204
acct_0756,+919592983555
acct_0757,+919181106786
acct_0758,+918210133979
acct_0759,+917464267175
acct_0760,+919343292475
acct_0761,+917136505587
acct_0762,+917090341465
acct_0763,+919724230947
acct_0764,+918729245242
acct_0765,+917232663462
acct_0766,+917906164396
acct_0767,+917958682846
acct_0768,+919833608204
acct_0769,+919940395823
acct_0770,+917568896616
acct_0771,+917798112150
acct_0772,+917687117441
acct_0773,+917416314667
acct_0774,+917495389030
acct_0775,+919955633092
acct_0776,+918866437132
acct_0777,+918067970820
acct_0778,+919536146025
acct_0779,+917402418010
acct_0780,+918043665192
acct_0781,+917422701550
acct_0782,+919098228320
acct_0783,+919736381108
acct_0784,+917297265480
acct_0785,+917390452952
acct_0786,+919955633092
acct_0787,+919486438403
acct_0788,+918140805649
acct_0789,+918078557553
acct_0790,+917338444264
acct_0791,+917770348179
acct_0792,+919724230947
acct_0793,+917289482182
acct_0794,+919342331444
acct_0795,+918426725702
acct_0796,+917920140090
acct_0797,+919316259067
acct_0798,+919752909971
acct_0799,+918137651678
acct_0800,+918536778950
acct_0801,+917656448479
acct_0802,+918445662585
acct_0803,+919208283728
acct_0804,+917798112150
acct_0805,+917170689150
acct_0806,+919418039268
acct_0807,+918445662585
acct_0808,+918392783743
acct_0809,+917636057975
acct_0810,+918866437132
acct_0811,+917735034881
acct_0812,+919627135980
acct_0813,+919940395823
acct_0814,+918541804686
acct_0815,+918929338154
acct_0816,+917863937247
acct_0817,+919900015820
acct_0818,+918426725702
acct_0819,+918625792787
acct_0820,+918587106770
acct_0821,+917040009587
acct_0822,+918881988384
acct_0823,+917854316681
acct_0824,+917663801533
acct_0825,+917164313410
acct_0826,+917877286584
acct_0827,+918625792787
acct_0828,+917390452952
acct_0829,+918553210608
acct_0830,+919791205006
acct_0831,+917707111048
acct_0832,+919493613917
acct_0833,+917760434128
acct_0834,+918627677155
acct_0835,+917164313410
acct_0836,+918067970820
acct_0837,+919921794983
acct_0838,+917113971123
acct_0839,+917405126228
acct_0840,+919119634399
acct_0841,+917698594025
acct_0842,+918970753705
acct_0843,+919316259067
acct_0844,+917988335251
acct_0845,+919222971316
acct_0846,+919085812759
acct_0847,+917816941039
acct_0848,+919873237671
acct_0849,+919592983555
acct_0850,+917297265480
acct_0851,+917863937247
acct_0852,+917041531046
acct_0853,+918745535098
acct_0854,+918729245242
acct_0855,+919281169403
acct_0856,+919746317213
acct_0857,+917906164396
acct_0858,+917304912982
acct_0859,+918897669065
acct_0860,+918566942273
acct_0861,+917491995979
acct_0862,+918288477634
acct_0863,+917304330003
acct_0864,+919900015820
acct_0865,+918765670844
acct_0866,+917083651970
acct_0867,+917857158768
acct_0868,+918210133979
acct_0869,+919791232393
acct_0870,+917352116052
acct_0871,+919877229210
acct_0872,+919585650756
acct_0873,+919699987374
acct_0874,+917416314667
acct_0875,+917015228622
acct_0876,+917906164396
acct_0877,+918169726681
acct_0878,+917240251661
acct_0879,+919724230947
acct_0880,+917342703921
acct_0881,+919615507143
acct_0882,+918461364854
acct_0883,+917013938521
acct_0884,+919315992115
acct_0885,+917656439677
acct_0886,+917977515194
acct_0887,+917667779376
acct_0888,+919170484433
acct_0889,+919834820954
acct_0890,+919876451163
acct_0891,+917090341465
acct_0892,+917083651970
acct_0893,+919314889832
acct_0894,+918603828849
acct_0895,+918194819984
acct_0896,+917815605132
acct_0897,+918196591018
acct_0898,+918198832728
acct_0899,+919180476188
acct_0900,+917398340369
acct_0901,+917913224047
acct_0902,+918288477634
acct_0903,+917640183291
acct_0904,+917027911967
acct_0905,+919041322270
acct_0906,+917946785248
acct_0907,+917015228622
acct_0908,+917189351213
acct_0909,+918722454917
acct_0910,+919272528809
acct_0911,+919585650756
acct_0912,+919067418686
acct_0913,+919170484433
acct_0914,+918627677155
acct_0915,+917656448479
acct_0916,+917441495235
acct_0917,+917943239974
acct_0918,+918866437132
acct_0919,+919098545541
acct_0920,+917906164396
acct_0921,+918812140441
acct_0922,+919616197747
acct_0923,+917251183830
acct_0924,+917939042955
acct_0925,+917118543408
acct_0926,+917935018220
acct_0927,+919306270004
acct_0928,+919271782991
acct_0929,+917248786714
acct_0930,+919446737272
acct_0931,+917977515194
acct_0932,+919316615266
acct_0933,+917244295904
acct_0934,+917196814233
acct_0935,+918812140441
acct_0936,+919772404776
acct_0937,+918768294570
acct_0938,+917924765563
acct_0939,+918587106770
acct_0940,+918426725702
acct_0941,+919527331058
acct_0942,+919830309370
acct_0943,+918285821930
acct_0944,+919010258946
acct_0945,+918639042338
acct_0946,+918566942273
acct_0947,+917495389030
acct_0948,+917906164396
acct_0949,+918976987348
acct_0950,+918770791023
acct_0951,+919627135980
acct_0952,+919559321289
acct_0953,+917106456634
acct_0954,+917767303988
acct_0955,+917941975480
acct_0956,+917920140090
acct_0957,+918716605598
acct_0958,+917063384488
acct_0959,+918140805649
acct_0960,+918926780541
acct_0961,+919090237817
acct_0962,+918553210608
acct_0963,+918159417075
acct_0964,+918025148381
acct_0965,+917685731524
acct_0966,+919694860228
acct_0967,+917252860896
acct_0968,+917999829240
acct_0969,+918136108454
acct_0970,+918457293575
acct_0971,+918817363615
acct_0972,+919800940984
acct_0973,+917338444264
acct_0974,+917999270936
acct_0975,+917924765563
acct_0976,+917137869475
acct_0977,+918639042338
acct_0978,+917613628803
acct_0979,+918521696479
acct_0980,+918137651678
acct_0981,+919474810179
acct_0982,+918973214822
acct_0983,+917863937247
acct_0984,+917390452952
acct_0985,+918140805649
acct_0986,+917457031004
acct_0987,+917965067727
acct_0988,+917469306919
acct_0989,+919585650756
acct_0990,+918051802512
acct_0991,+917714300770
acct_0992,+918274350418
acct_0993,+917314652384
acct_0994,+917107420369
acct_0995,+917304330003
acct_0996,+918016779084
acct_0997,+918639042338
acct_0998,+918015242176
acct_0999,+919272528809
acct_1000,+917218179599
acct_1001,+917478163327
acct_1002,+919452611418
acct_1003,+918947382419
acct_1004,+917400560567
acct_1005,+918926780541
acct_1006,+919418039268
acct_1007,+919877229210
acct_1008,+919144181937
acct_1009,+917030884438
acct_1010,+917955345537
acct_1011,+917909666337
acct_1012,+919369449369
acct_1013,+919271782991
acct_1014,+919864457210
acct_1015,+917304912982
acct_1016,+919010258946
acct_1017,+917640183291
acct_1018,+919222971316
acct_1019,+917295456419
acct_1020,+917251183830
acct_1021,+918015242176
acct_1022,+919834820954
acct_1023,+917767303988
acct_1024,+917798112150
acct_1025,+919808806886
acct_1026,+918745535098
acct_1027,+917656448479
acct_1028,+917041531046
acct_1029,+918357970698
acct_1030,+917217275224
acct_1031,+919084839399
acct_1032,+919084839399
acct_1033,+918357970698
acct_1034,+919452611418
acct_1035,+919727210979
acct_1036,+917568275055
acct_1037,+918461042543
acct_1038,+917274989148
acct_1039,+917422701550
acct_1040,+917999829240
acct_1041,+918817363615
acct_1042,+917479112937
acct_1043,+918139027119
acct_1044,+917002456273
acct_1045,+917040009587
acct_1046,+917667643690
acct_1047,+917405126228
acct_1048,+917248786714
acct_1049,+918392783743
acct_1050,+919041322270
acct_1051,+917999270936
acct_1052,+919572447412
acct_1053,+917251837136
acct_1054,+917656448479
acct_1055,+919501859536
acct_1056,+919187880715
acct_1057,+917113971123
acct_1058,+917965067727
acct_1059,+918813163240
acct_1060,+917344076115
acct_1061,+918049193572
acct_1062,+918973214822
acct_1063,+918140805649
acct_1064,+919585650756
acct_1065,+917422701550
acct_1066,+917943239974
acct_1067,+919493613917
acct_1068,+917179653598
acct_1069,+917444900634
acct_1070,+919506853388
acct_1071,+918713658874
acct_1072,+918022222125
acct_1073,+917613628803
acct_1074,+918072910527
acct_1075,+919878380452
acct_1076,+917863937247
acct_1077,+918015242176
acct_1078,+917289482182
acct_1079,+917090341465
acct_1080,+917540137296
acct_1081,+917491995979
acct_1082,+918939118223
acct_1083,+919005855667
acct_1084,+919316259067
acct_1085,+919446737272
acct_1086,+918947382419
acct_1087,+919067418686
acct_1088,+917304330003
acct_1089,+918815115025
acct_1090,+918078557553
acct_1091,+917441495235
acct_1092,+919271782991
acct_1093,+918472659626
acct_1094,+918043665192
acct_1095,+917676168421
acct_1096,+919436779490
acct_1097,+919555656321
acct_1098,+918140805649
acct_1099,+918067970820
acct_1100,+919085812759
acct_1101,+917251183830
acct_1102,+918676848676
acct_1103,+918338811290
acct_1104,+918067970820
acct_1105,+918629748727
acct_1106,+918137651678
acct_1107,+918558990517
acct_1108,+917352116052
acct_1109,+919892078691
acct_1110,+919710566582
acct_1111,+918699887270
acct_1112,+917683749521
acct_1113,+918059257080
acct_1114,+919180476188
acct_1115,+918722989659
acct_1116,+919067418686
acct_1117,+919746317213
acct_1118,+919892078691
acct_1119,+918639042338
acct_1120,+919180476188
acct_1121,+917798112150
acct_1122,+919144181937
acct_1123,+919427631155
acct_1124,+917547374338
acct_1125,+917568275055
acct_1126,+918589915144
acct_1127,+917714300770
acct_1128,+917480468219
acct_1129,+917170689150
acct_1130,+917063384488
acct_1131,+919616197747
acct_1132,+919272528809
acct_1133,+919527331058
acct_1134,+918169726681
acct_1135,+919527331058
acct_1136,+918699887270
acct_1137,+917118543408
acct_1138,+919084839399
acct_1139,+918274350418
acct_1140,+917274989148
acct_1141,+917939042955
acct_1142,+917186618211
acct_1143,+918722454917
acct_1144,+918125089309
acct_1145,+919392080953
acct_1146,+918181241943
acct_1147,+919245334677
acct_1148,+917770348179
acct_1149,+919955633092
acct_1150,+918986972437
acct_1151,+918260573448
acct_1152,+917136505587
acct_1153,+918801823908
acct_1154,+919021598245
acct_1155,+919333103372
acct_1156,+917396418889
acct_1157,+919906402157
acct_1158,+919755143093
acct_1159,+919404681399
acct_1160,+918159417075
acct_1161,+917576775951
acct_1162,+917245522987
acct_1163,+919665720874
acct_1164,+917906164396
acct_1165,+919615507143
acct_1166,+919021598245
acct_1167,+917440213415
acct_1168,+918140169349
acct_1169,+919452611418
acct_1170,+919271782991
acct_1171,+919553440342
acct_1172,+918079815404
acct_1173,+917295456419
acct_1174,+917297265480
acct_1175,+917244295904
acct_1176,+919181106786
acct_1177,+917958682846
acct_1178,+918903232052
acct_1179,+919316615266
acct_1180,+917576775951
acct_1181,+918242911821
acct_1182,+918242911821
acct_1183,+919392080953
acct_1184,+918587106770
acct_1185,+917822873088
acct_1186,+919294113287
acct_1187,+918986972437
acct_1188,+917770348179
acct_1189,+918968321319
acct_1190,+919381998678
acct_1191,+919900015820
acct_1192,+919730243887
acct_1193,+918566942273
acct_1194,+917013938521
acct_1195,+918072910527
acct_1196,+919343292475
acct_1197,+917599707677
acct_1198,+917519709079
acct_1199,+918585770584
acct_1200,+917415393687
acct_1201,+918816803306
acct_1202,+919864457210
acct_1203,+918973214822
acct_1204,+919427631155
acct_1205,+917902271852
acct_1206,+918812140441
acct_1207,+917636057975
acct_1208,+917874443787
acct_1209,+919376077463
acct_1210,+917854316681
acct_1211,+918625792787
acct_1212,+917284277889
acct_1213,+917495389030
acct_1214,+917009257255
acct_1215,+917909666337
acct_1216,+919418039268
acct_1217,+919370996465
acct_1218,+917941975480
acct_1219,+918137651678
acct_1220,+918554762903
acct_1221,+919085812759
acct_1222,+918819244083
acct_1223,+918558990517
acct_1224,+918078557553
acct_1225,+917915490795
acct_1226,+917251837136
acct_1227,+919536146025
acct_1228,+919303029031
acct_1229,+917090341465
acct_1230,+918128466620
acct_1231,+918954246074
acct_1232,+918926780541
acct_1233,+917402418010
acct_1234,+918722454917
acct_1235,+919303082117
acct_1236,+919694860228
acct_1237,+917289482182
acct_1238,+917027911967
acct_1239,+919744267175
acct_1240,+917344076115
acct_1241,+917664847319
acct_1242,+917561866144
acct_1243,+918711398352
acct_1244,+919877229210
acct_1245,+918196591018
acct_1246,+918815115025
acct_1247,+919098228320
acct_1248,+918136108454
acct_1249,+918193887545
acct_1250,+917416314667
acct_1251,+918015242176
acct_1252,+918392783743
acct_1253,+918811967841
acct_1254,+917766942939
acct_1255,+917877286584
acct_1256,+918716605598
acct_1257,+919436019774
acct_1258,+917683749521
acct_1259,+919087313121
acct_1260,+917877286584
acct_1261,+919369449369
acct_1262,+919772404776
acct_1263,+917825873196
acct_1264,+919294113287
acct_1265,+919694860228
acct_1266,+919369449369
acct_1267,+917920140090
acct_1268,+917988335251
acct_1269,+917568896616
acct_1270,+918501771491
acct_1271,+917551437149
acct_1272,+917943239974
acct_1273,+917815605132
acct_1274,+919884873529
acct_1275,+919585650756
acct_1276,+917478163327
acct_1277,+917576775951
acct_1278,+918734202799
acct_1279,+917002456273
acct_1280,+917798112150
acct_1281,+919526766690
acct_1282,+917154739678
acct_1283,+918196050747
acct_1284,+919761027762
acct_1285,+917297265480
acct_1286,+917683749521
acct_1287,+919526766690
acct_1288,+918800557283
acct_1289,+918472659626
acct_1290,+917576775951
acct_1291,+919952777682
acct_1292,+918501771491
acct_1293,+919834820954
acct_1294,+917248786714
acct_1295,+918625792787
acct_1296,+918015242176
acct_1297,+918643004186
acct_1298,+917495762348
acct_1299,+919392080953
acct_1300,+918193448329
acct_1301,+918711398352
acct_1302,+919906402157
acct_1303,+919180476188
acct_1304,+917252860896
acct_1305,+917999829240
acct_1306,+917551437149
acct_1307,+919436779490
acct_1308,+917405126228
acct_1309,+918536778950
acct_1310,+918445662585
acct_1311,+919597724331
acct_1312,+917677517496
acct_1313,+917311570307
acct_1314,+918136108454
acct_1315,+917709214891
acct_1316,+919921794983
acct_1317,+917398340369
acct_1318,+919562254028
acct_1319,+919940395823
acct_1320,+919761027762
acct_1321,+918079815404
acct_1322,+917002456273
acct_1323,+919180476188
acct_1324,+917687117441
acct_1325,+918131247330
acct_1326,+919884873529
acct_1327,+918939118223
acct_1328,+919436779490
acct_1329,+919761027762
acct_1330,+918722989659
acct_1331,+918059257080
acct_1332,+917164313410
acct_1333,+919918508077
acct_1334,+918198832728
acct_1335,+918349409434
acct_1336,+917367878761
acct_1337,+918643004186
acct_1338,+918065870178
acct_1339,+917405126228
acct_1340,+917416314667
acct_1341,+918034535593
acct_1342,+919744267175
acct_1343,+918748309234
acct_1344,+918587106770
acct_1345,+918079815404
acct_1346,+919694860228
acct_1347,+917514909066
acct_1348,+919321807489
acct_1349,+919559321289
acct_1350,+918422277848
acct_1351,+917217275224
acct_1352,+918817363615
acct_1353,+919685643886
acct_1354,+918521696479
acct_1355,+918067970820
acct_1356,+917465585404
acct_1357,+918903232052
acct_1358,+917561866144
acct_1359,+918059257080
acct_1360,+917291889680
acct_1361,+919849232839
acct_1362,+919342331444
acct_1363,+918225136114
acct_1364,+918181241943
acct_1365,+919815087637
acct_1366,+919775320897
acct_1367,+918768294570
acct_1368,+917815605132
acct_1369,+918224011538
acct_1370,+918010193046
acct_1371,+918948728483
acct_1372,+918819256337
acct_1373,+918015242176
acct_1374,+917547374338
acct_1375,+919755143093
acct_1376,+917338258951
acct_1377,+919446737272
acct_1378,+917479112937
acct_1379,+919665720874
acct_1380,+919884887548
acct_1381,+917909666337
acct_1382,+918768294570
acct_1383,+919667858669
acct_1384,+919510777721
acct_1385,+917049310608
acct_1386,+919553440342
acct_1387,+918713658874
acct_1388,+918525876051
acct_1389,+917977515194
acct_1390,+919892078691
acct_1391,+919736381108
acct_1392,+919665720874
acct_1393,+919370996465
acct_1394,+917405126228
acct_1395,+919486438403
acct_1396,+919967906665
acct_1397,+917698594025
acct_1398,+918836901321
acct_1399,+918812140441
acct_1400,+919409076656
acct_1401,+918508161137
acct_1402,+918351531223
acct_1403,+919180476188
acct_1404,+918140805649
acct_1405,+917390452952
acct_1406,+917551437149
acct_1407,+918948728483
acct_1408,+919991837720
acct_1409,+918639042338
acct_1410,+917416314667
acct_1411,+917664847319
acct_1412,+918043665192
acct_1413,+917479112937
acct_1414,+917735034881
acct_1415,+918521696479
acct_1416,+917568275055
acct_1417,+918477278577
acct_1418,+918812140441
acct_1419,+919553440342
acct_1420,+918676848676
acct_1421,+918632629719
acct_1422,+917822873088
acct_1423,+917171347175
acct_1424,+917709214891
acct_1425,+917171347175
acct_1426,+917735034881
acct_1427,+917027911967
acct_1428,+919506853388
acct_1429,+917261810763
acct_1430,+918521696479
acct_1431,+918815115025
acct_1432,+919010258946
acct_1433,+917179653598
acct_1434,+918136108454
acct_1435,+917676168421
acct_1436,+917464267175
acct_1437,+918457293575
acct_1438,+917240251661
acct_1439,+917469306919
acct_1440,+919392080953
acct_1441,+919316615266
acct_1442,+917978815630
acct_1443,+917134917627
acct_1444,+917274989148
acct_1445,+919840104345
acct_1446,+919699987374
acct_1447,+917958682846
acct_1448,+919314889832
acct_1449,+919878380452
acct_1450,+917906164396
acct_1451,+919333103372
acct_1452,+918715412119
acct_1453,+919506853388
acct_1454,+919373077218
acct_1455,+919536146025
acct_1456,+918819256337
acct_1457,+918051454923
acct_1458,+917551437149
acct_1459,+917429416213
acct_1460,+917416314667
acct_1461,+919436779490
acct_1462,+919090237817
acct_1463,+918968321319
acct_1464,+917398340369
acct_1465,+919864457210
acct_1466,+919314889832
acct_1467,+918057486868
acct_1468,+917189351213
acct_1469,+917667643690
acct_1470,+919597724331
acct_1471,+917829486135
acct_1472,+917561866144
acct_1473,+918193887545
acct_1474,+918536778950
acct_1475,+919667858669
acct_1476,+918461364854
acct_1477,+918770791023
acct_1478,+919005855667
acct_1479,+919833608204
acct_1480,+918169726681
acct_1481,+917941975480
acct_1482,+919418039268
acct_1483,+918146005448
acct_1484,+918897669065
acct_1485,+917735034881
acct_1486,+917027911967
acct_1487,+918812140441
acct_1488,+917946785248
acct_1489,+917295456419
acct_1490,+918566942273
acct_1491,+917854001193
acct_1492,+917274989148
acct_1493,+918498981529
acct_1494,+918346922426
acct_1495,+918800557283
acct_1496,+919031403296
acct_1497,+918259191105
acct_1498,+917683749521
acct_1499,+919085812759
acct_1500,+918169726681
acct_1501,+917854316681
acct_1502,+917090341465
acct_1503,+919090237817
acct_1504,+917415393687
acct_1505,+917478163327
acct_1506,+917113971123
acct_1507,+918676848676
acct_1508,+918133802214
acct_1509,+919991837720
acct_1510,+917935018220
acct_1511,+917935018220
acct_1512,+917547374338
acct_1513,+919306270004
acct_1514,+917899825838
acct_1515,+918525876051
acct_1516,+918079815404
acct_1517,+919884873529
acct_1518,+918034535593
acct_1519,+917154739678
acct_1520,+919736381108
acct_1521,+919864457210
acct_1522,+919404681399
acct_1523,+917118543408
acct_1524,+917396418889
acct_1525,+917854316681
acct_1526,+917134917627
acct_1527,+917854316681
acct_1528,+917041531046
acct_1529,+918461042543
acct_1530,+918926780541
acct_1531,+919340505846
acct_1532,+918521696479
acct_1533,+918015242176
acct_1534,+917398340369
acct_1535,+917999829240
acct_1536,+917906164396
acct_1537,+917294296873
acct_1538,+919303029031
acct_1539,+918605947756
acct_1540,+919952777682
acct_1541,+918159417075
acct_1542,+919998485882
acct_1543,+917137869475
acct_1544,+917189351213
acct_1545,+919376077463
acct_1546,+917289482182
acct_1547,+918881625505
acct_1548,+918015242176
acct_1549,+919800940984
acct_1550,+918897669065
acct_1551,+918146660997
acct_1552,+918881988384
acct_1553,+919864457210
acct_1554,+919479708607
acct_1555,+917707111048
acct_1556,+917013938521
acct_1557,+918426725702
acct_1558,+919561557300
acct_1559,+919187880715
acct_1560,+918072910527
acct_1561,+918631775357
acct_1562,+917920140090
acct_1563,+919506254832
acct_1564,+918840109255
acct_1565,+918836901321
acct_1566,+918346922426
acct_1567,+918338811290
acct_1568,+917561866144
acct_1569,+919314889832
acct_1570,+918632629719
acct_1571,+919309122187
acct_1572,+918259191105
acct_1573,+918281810600
acct_1574,+919436019774
acct_1575,+919187880715
acct_1576,+918196050747
acct_1577,+919656522106
acct_1578,+917568275055
acct_1579,+918149938334
acct_1580,+919527331058
acct_1581,+918970753705
acct_1582,+918652563013
acct_1583,+917118543408
acct_1584,+918323959527
acct_1585,+917118543408
acct_1586,+917137869475
acct_1587,+918954246074
acct_1588,+919047791082
acct_1589,+918558990517
acct_1590,+918699887270
acct_1591,+919929454134
acct_1592,+917877286584
acct_1593,+919303082117
acct_1594,+917196814233
acct_1595,+918310784794
acct_1596,+919170715377
acct_1597,+917957449367
acct_1598,+918676848676
acct_1599,+919772404776
acct_1600,+919281169403
acct_1601,+918128466620
acct_1602,+918722989659
acct_1603,+917599707677
acct_1604,+919967906665
acct_1605,+917999270936
acct_1606,+918135872495
acct_1607,+919379074819
acct_1608,+918716605598
acct_1609,+918985392498
acct_1610,+918338811290
acct_1611,+918065870178
acct_1612,+919030106617
acct_1613,+919955633092
acct_1614,+918566166314
acct_1615,+917822873088
acct_1616,+919409076656
acct_1617,+918457293575
acct_1618,+919172758220
acct_1619,+919373077218
acct_1620,+918169726681
acct_1621,+919685643886
acct_1622,+918140805649
acct_1623,+917915490795
acct_1624,+919694860228
acct_1625,+919474810179
acct_1626,+918629748727
acct_1627,+919892078691
acct_1628,+917170689150
acct_1629,+918639042338
acct_1630,+918603828849
acct_1631,+917170689150
acct_1632,+917295456419
acct_1633,+918929338154
acct_1634,+918242911821
acct_1635,+917390452952
acct_1636,+919159725924
acct_1637,+917540137296
acct_1638,+919561557300
acct_1639,+919772404776
acct_1640,+919900015820
acct_1641,+919665720874
acct_1642,+917415393687
acct_1643,+919929454134
acct_1644,+919876451163
acct_1645,+917920140090
acct_1646,+918049193572
acct_1647,+918457293575
acct_1648,+919427631155
acct_1649,+919506254832
acct_1650,+918954246074
acct_1651,+918136108454
acct_1652,+919340505846
acct_1653,+919830309370
acct_1654,+917179653598
acct_1655,+918976987348
acct_1656,+917106456634
acct_1657,+918432614422
acct_1658,+919597724331
acct_1659,+918140805649
acct_1660,+917857158768
acct_1661,+919487560384
acct_1662,+917294296873
acct_1663,+918926780541
acct_1664,+917935018220
acct_1665,+917438989805
acct_1666,+917999829240
acct_1667,+918840109255
acct_1668,+919884887548
acct_1669,+918196591018
acct_1670,+917697939765
acct_1671,+918349409434
acct_1672,+917459716009
acct_1673,+917420514789
acct_1674,+919159725924
acct_1675,+917480494664
acct_1676,+918260573448
acct_1677,+919474810179
acct_1678,+917261810763
acct_1679,+917289482182
acct_1680,+917338258951
acct_1681,+917429416213
acct_1682,+919555656321
acct_1683,+919188398760
acct_1684,+917373399426
acct_1685,+917943239974
acct_1686,+917714300770
acct_1687,+917568275055
acct_1688,+918135872495
acct_1689,+918198832728
acct_1690,+918734202799
acct_1691,+919409076656
acct_1692,+919316615266
acct_1693,+917323775634
acct_1694,+918722454917
acct_1695,+918043665192
acct_1696,+917918037633
acct_1697,+918072910527
acct_1698,+917179653598
acct_1699,+919379074819
acct_1700,+919823396242
acct_1701,+919755143093
acct_1702,+918631775357
acct_1703,+918169726681
acct_1704,+919555656321
acct_1705,+919906402157
acct_1706,+917568896616
acct_1707,+919321807489
acct_1708,+918745535098
acct_1709,+919245334677
acct_1710,+919592983555
acct_1711,+917955345537
acct_1712,+917398340369
acct_1713,+917033599984
acct_1714,+918903232052
acct_1715,+917106456634
acct_1716,+917902271852
acct_1717,+917090341465
acct_1718,+917920140090
acct_1719,+918445662585
acct_1720,+917770348179
acct_1721,+919834820954
acct_1722,+918519038154
acct_1723,+919884873529
acct_1724,+917495389030
acct_1725,+918963764597
acct_1726,+917171347175
acct_1727,+918986972437
acct_1728,+917676168421
acct_1729,+918119980130
acct_1730,+917899825838
acct_1731,+919730243887
acct_1732,+918816803306
acct_1733,+918242911821
acct_1734,+919660223333
acct_1735,+919752909971
acct_1736,+919376087131
acct_1737,+918310784794
acct_1738,+918986972437
acct_1739,+917915490795
acct_1740,+917232663462
acct_1741,+918133802214
acct_1742,+919772404776
acct_1743,+919585650756
acct_1744,+919272528809
acct_1745,+919392080953
acct_1746,+919940395823
acct_1747,+918903232052
acct_1748,+919940395823
acct_1749,+917701808367
acct_1750,+918137651678
acct_1751,+918457293575
acct_1752,+918285821930
acct_1753,+918867302554
acct_1754,+919021598245
acct_1755,+917009257255
acct_1756,+917913224047
acct_1757,+918259191105
acct_1758,+918498981529
acct_1759,+917495389030
acct_1760,+918716605598
acct_1761,+918346922426
acct_1762,+918181241943
acct_1763,+918711398352
acct_1764,+918881625505
acct_1765,+917040009587
acct_1766,+917766942939
acct_1767,+918260573448
acct_1768,+917663801533
acct_1769,+917294296873
acct_1770,+917433797840
acct_1771,+919685643886
acct_1772,+917677517496
acct_1773,+917822873088
acct_1774,+917252860896
acct_1775,+919436779490
acct_1776,+919761027762
acct_1777,+917240251661
acct_1778,+919159725924
acct_1779,+918881625505
acct_1780,+917495762348
acct_1781,+918196050747
acct_1782,+919935814872
acct_1783,+918125089309
acct_1784,+918929338154
acct_1785,+918629748727
acct_1786,+919724031273
acct_1787,+919392080953
acct_1788,+918422277848
acct_1789,+919510777721
acct_1790,+918323959527
acct_1791,+917405126228
acct_1792,+917594130308
acct_1793,+918432614422
acct_1794,+919527331058
acct_1795,+919616197747
acct_1796,+917166320906
acct_1797,+919755143093
acct_1798,+918632629719
acct_1799,+918392783743
acct_1800,+918457293575
acct_1801,+918840109255
acct_1802,+917479112937
acct_1803,+917179653598
acct_1804,+919877229210
acct_1805,+919597724331
acct_1806,+919446737272
acct_1807,+918881625505
acct_1808,+919340505846
acct_1809,+919783290795
acct_1810,+919479708607
acct_1811,+917863937247
acct_1812,+917245522987
acct_1813,+917444900634
acct_1814,+917918037633
acct_1815,+917170689150
acct_1816,+918135872495
acct_1817,+919159725924
acct_1818,+919287955558
acct_1819,+919172758220
acct_1820,+917314652384
acct_1821,+917298737106
acct_1822,+919436779490
acct_1823,+918198832728
acct_1824,+918043665192
acct_1825,+917261810763
acct_1826,+917030884438
acct_1827,+918242911821
acct_1828,+919409076656
acct_1829,+917978815630
acct_1830,+917955345537
acct_1831,+917030884438
acct_1832,+919030106617
acct_1833,+919656522106
acct_1834,+917218179599
acct_1835,+919800940984
acct_1836,+918064746525
acct_1837,+919303082117
acct_1838,+919562254028
acct_1839,+919806569935
acct_1840,+919418039268
acct_1841,+918028439863
acct_1842,+919906402157
acct_1843,+919842715617
acct_1844,+917107420369
acct_1845,+919369449369
acct_1846,+918139038460
acct_1847,+919342331444
acct_1848,+918625792787
acct_1849,+918078557553
acct_1850,+919585650756
acct_1851,+917459716009
acct_1852,+919188398760
acct_1853,+919487560384
acct_1854,+919830309370
acct_1855,+918349409434
acct_1856,+917464267175
acct_1857,+917918037633
acct_1858,+917677517496
acct_1859,+918016779084
acct_1860,+919501859536
acct_1861,+918973214822
acct_1862,+917697939765
acct_1863,+919005855667
acct_1864,+917101637979
acct_1865,+919755143093
acct_1866,+917465585404
acct_1867,+917656448479
acct_1868,+918585770584
acct_1869,+919387006772
acct_1870,+919775320897
acct_1871,+917568896616
acct_1872,+917854001193
acct_1873,+918553210608
acct_1874,+919376087131
acct_1875,+917218179599
acct_1876,+919188398760
acct_1877,+919878380452
acct_1878,+918015242176
acct_1879,+917444900634
acct_1880,+919746317213
acct_1881,+919665720874
acct_1882,+917815605132
acct_1883,+919592983555
acct_1884,+918897669065
acct_1885,+919144181937
acct_1886,+918976987348
acct_1887,+917854316681
acct_1888,+918589915144
acct_1889,+918639042338
acct_1890,+918768294570
acct_1891,+918722454917
acct_1892,+918022222125
acct_1893,+917272849424
acct_1894,+919755143093
acct_1895,+919772404776
acct_1896,+918225136114
acct_1897,+917261810763
acct_1898,+918028439863
acct_1899,+919479708607
acct_1900,+919876451163
acct_1901,+919791205006
acct_1902,+917551437149
acct_1903,+917465585404
acct_1904,+917090341465
acct_1905,+919150000991
acct_1906,+917983297492
acct_1907,+917965067727
acct_1908,+917179653598
acct_1909,+917909666337
acct_1910,+919884887548
acct_1911,+917766942939
acct_1912,+919328710672
acct_1913,+917398340369
acct_1914,+919087313121
acct_1915,+919699987374
acct_1916,+918985392498
acct_1917,+917798112150
acct_1918,+919303329764
acct_1919,+919772404776
acct_1920,+919187880715
acct_1921,+919884887548
acct_1922,+917939042955
acct_1923,+919864457210
acct_1924,+918711398352
acct_1925,+918135872495
acct_1926,+917402418010
acct_1927,+917429416213
acct_1928,+917935018220
acct_1929,+917251183830
acct_1930,+919615507143
acct_1931,+917260329455
acct_1932,+917260329455
acct_1933,+917202363285
acct_1934,+917913224047
acct_1935,+918259191105
acct_1936,+917788075126
acct_1937,+917260329455
acct_1938,+919150000991
acct_1939,+919343292475
acct_1940,+918536778950
acct_1941,+918734202799
acct_1942,+918840109255
acct_1943,+918819256337
acct_1944,+918985392498
acct_1945,+919840104345
acct_1946,+919411057787
acct_1947,+919361388464
acct_1948,+917154739678
acct_1949,+918392783743
acct_1950,+918768294570
acct_1951,+919381998678
acct_1952,+917137869475
acct_1953,+918722989659
acct_1954,+918508161137
acct_1955,+917988335251
acct_1956,+917599310825
acct_1957,+918079815404
acct_1958,+917667643690
acct_1959,+918939118223
acct_1960,+917568896616
acct_1961,+918128466620
acct_1962,+919303329764
acct_1963,+917134917627
acct_1964,+919536146025
acct_1965,+917400560567
acct_1966,+917444900634
acct_1967,+917465585404
acct_1968,+917817804383
acct_1969,+918072910527
acct_1970,+919727210979
acct_1971,+918929338154
acct_1972,+919572447412
acct_1973,+917478163327
acct_1974,+919998485882
acct_1975,+919815087637
acct_1976,+918976987348
acct_1977,+918748309234
acct_1978,+918193887545
acct_1979,+917027911967
acct_1980,+917825873196
acct_1981,+917274989148
acct_1982,+918059257080
acct_1983,+918022222125
acct_1984,+917470939445
acct_1985,+918059257080
acct_1986,+917902271852
acct_1987,+917640183291
acct_1988,+918188332531
acct_1989,+917656448479
acct_1990,+917106456634
acct_1991,+917441495235
acct_1992,+918536778950
acct_1993,+919309122187
acct_1994,+918140169349
acct_1995,+919340505846
acct_1996,+917252860896
acct_1997,+917295456419
acct_1998,+918409874348
acct_1999,+917676168421
